text,joy,trust,fear,surprise,sadness,disgust,anger,anticipation,love,worried,disappointed,proud,embarrassed,jealous,calm,excited
"Lần đầu mua loa mini để bàn nhận về đẹp hơn mình tưởng, dùng thử một lúc đã thấy rất hài lòng nên chắc mình sẽ theo dõi thêm.",1,1,0,1,0,0,0,0,0,0,0,0,0,0,1,1
"Tui thấy Dùng mền mỏng mùa hè vài ngày thấy ổn định, không lỗi vặt nên mình khá an tâm luôn.",0,1,0,0,0,0,0,0,0,0,0,0,0,0,1,0
"Mình đặt thử Đặt bát ăn cho mèo lần này quá đáng tiền, giao đúng món và đóng gói sạch sẽ nhưng giá này vẫn chấp nhận được.",1,1,0,0,0,0,0,0,0,0,0,1,0,0,0,0
"giày sandal nhận về đẹp hơn mình tưởng, dùng thử một lúc đã thấy rất hài lòng á.",1,1,0,1,0,0,0,0,0,0,0,0,0,0,1,1
"Mình đặt thử bộ ga gối dùng tạm được nhưng hoàn thiện ẩu, càng nhìn càng thấy bực",0,0,0,0,0,0,1,0,0,0,1,0,0,0,0,0
"Lần đầu mua vòng cổ thú cưng nhìn ngoài đời xinh hơn hình, mình phấn khích muốn dùng ngay lần sau chắc mình sẽ cân nhắc kỹ hơn.",1,1,0,1,0,0,0,1,0,0,0,0,0,0,0,1
"Bạn mình nhận xét Dùng dép bông đi nhà vài ngày thấy ổn định, không lỗi vặt nên mình khá an tâm đóng gói nhìn khá gọn.",0,1,0,0,0,0,0,0,0,0,0,0,0,0,1,0
"Săn mã giảm giá xong Nhìn bạn mua kem dưỡng tay màu khác đẹp hơn mình hơi ghen, nhưng món của mình vẫn dùng ổn",1,0,0,0,0,0,0,0,0,0,0,0,0,1,0,1
"Bạn mình nhận xét máy xay sinh tố cầm tay giá mềm nên mình không đòi hỏi nhiều, nhìn chung dùng được và mình đã quay clip mở hàng.",0,1,0,0,0,0,0,0,0,0,0,0,0,0,1,0
"Tui thấy Shop gói kem dưỡng tay cẩn thận, nhận hàng xong mình tin tưởng hơn nhiều và mình đã quay clip mở hàng.",0,1,0,0,0,0,0,0,0,0,0,0,0,0,1,0
"Bạn mình nhận xét Đặt tai nghe chụp tai lần này quá đáng tiền, giao đúng món và đóng gói sạch sẽ luôn.",1,1,0,0,0,0,0,0,0,0,0,1,0,0,0,0
"Mẹ mình bảo sổ ghi chú làm mình bất ngờ vì nhỏ gọn hơn nghĩ, cần dùng thêm mới đánh giá chắc đóng gói nhìn khá gọn.",0,1,0,1,0,0,0,1,0,0,0,0,0,0,1,1
"Nhìn bạn mua tinh dầu phòng ngủ màu khác đẹp hơn mình hơi ghen, nhưng món của mình vẫn dùng ổn mong shop giữ chất lượng như vậy.",1,0,0,0,0,0,0,0,0,0,0,0,0,1,0,1
"Bạn mình nhận xét dây dắt thú cưng hợp nhu cầu của mình hơn dự đoán, dùng xong thấy nhẹ nhõm và vui luôn.",1,1,0,1,0,0,0,0,1,0,0,0,0,0,1,1
"Săn mã giảm giá xong lược chải chó mèo đơn giản nhưng hiệu quả, dùng lên thấy dễ chịu và bình tĩnh hơn đóng gói nhìn khá gọn.",0,1,0,0,0,0,0,0,0,0,0,0,0,0,1,0
"Tui thấy bút highlight nhìn ngoài đời kém sang hơn ảnh, đem khoe với bạn hơi ngại luôn.",0,0,0,0,0,0,0,0,0,0,1,0,1,0,0,0
"Tui thấy Ban đầu mình sợ balo laptop không hợp, dùng thử rồi thấy ổn hơn tưởng nên chắc mình sẽ theo dõi thêm.",0,1,1,1,0,0,0,0,0,1,0,0,0,0,1,0
"Tui thấy ốp điện thoại trong suốt làm mình bất ngờ vì nhỏ gọn hơn nghĩ, cần dùng thêm mới đánh giá chắc luôn.",0,1,0,1,0,0,0,1,0,0,0,0,0,0,1,1
"Bạn mình nhận xét Canh sale mua được kẹp giấy màu giá tốt, cảm giác lời thật sự và mình đã quay clip mở hàng.",1,0,0,0,0,0,0,0,0,0,0,1,0,0,0,1
"Mẹ mình bảo Mở máy xay sinh tố cầm tay ra thấy mùi nhựa nồng, cảm giác khó chịu và không muốn dùng ngay á.",0,0,0,0,0,1,0,0,0,0,1,0,0,0,0,0
"Lần đầu mua sữa rửa mặt dịu nhẹ giá mềm nên mình không đòi hỏi nhiều, nhìn chung dùng được luôn.",0,1,0,0,0,0,0,0,0,0,0,0,0,0,1,0
"Tui thấy ngũ cốc granola có điểm ổn nhưng vài chi tiết chưa như mong đợi, mình vừa vui vừa tiếc lần sau chắc mình sẽ cân nhắc kỹ hơn.",1,0,0,0,1,0,0,0,0,0,1,0,0,0,0,0
"Bạn mình nhận xét Mua mền mỏng mùa hè làm quà mà người nhận khen liên tục, mình thấy tự hào vì chọn đúng nhưng giá này vẫn chấp nhận được.",1,1,0,0,0,0,0,0,1,0,0,1,0,0,0,1
"Lần đầu mua sữa rửa mặt dịu nhẹ có lỗi nhỏ nhưng shop phản hồi lịch sự, mình bớt khó chịu hơn lần sau chắc mình sẽ cân nhắc kỹ hơn.",0,1,0,0,0,0,1,0,0,0,1,0,0,0,1,0
"Mẹ mình bảo Ban đầu mình sợ kệ góc phòng tắm không hợp, dùng thử rồi thấy ổn hơn tưởng",0,1,1,1,0,0,0,0,0,1,0,0,0,0,1,0
"Mua bộ ga gối về bị người nhà chê màu, mình hơi quê nhưng chất lượng không tệ và mình đã quay clip mở hàng.",0,0,0,0,0,0,0,0,0,0,1,0,1,0,0,0
"Canh sale mua được bảng trắng mini giá tốt, cảm giác lời thật sự á.",1,0,0,0,0,0,0,0,0,0,0,1,0,0,0,1
"Lần đầu mua Mình háo hức mở bánh ăn vặt rong biển, kết quả ổn thôi chứ chưa quá xuất sắc và mình đã quay clip mở hàng.",1,0,0,0,0,0,0,1,0,0,1,0,0,0,0,1
"Bạn mình nhận xét móc treo quần áo có điểm ổn nhưng vài chi tiết chưa như mong đợi, mình vừa vui vừa tiếc nhưng giá này vẫn chấp nhận được.",1,0,0,0,1,0,0,0,0,0,1,0,0,0,0,0
"Mẹ mình bảo Shop gói đèn ngủ hình thú cẩn thận, nhận hàng xong mình tin tưởng hơn nhiều nha.",0,1,0,0,0,0,0,0,0,0,0,0,0,0,1,0
"Mình đặt thử Đang chờ dùng mền mỏng mùa hè lâu hơn, hiện tại thấy ổn nhưng vẫn hơi lo độ bền lần sau chắc mình sẽ cân nhắc kỹ hơn.",0,0,0,0,0,0,0,1,0,1,0,0,0,0,0,0
"Mình đặt thử Đang chờ dùng tinh dầu phòng ngủ lâu hơn, hiện tại thấy ổn nhưng vẫn hơi lo độ bền nhưng giá này vẫn chấp nhận được.",0,0,0,0,0,0,0,1,0,1,0,0,0,0,0,0
"Mẹ mình bảo mật ong chai nhỏ khác mô tả khá nhiều, mình thất vọng vì kỳ vọng ban đầu cao á.",0,0,0,1,1,0,1,0,0,0,1,0,0,0,0,0
"Bạn mình nhận xét miếng kê cổ tay dùng tạm được nhưng hoàn thiện ẩu, càng nhìn càng thấy bực luôn.",0,0,0,0,0,0,1,0,0,0,1,0,0,0,0,0
"túi đeo chéo làm mình bất ngờ vì nhỏ gọn hơn nghĩ, cần dùng thêm mới đánh giá chắc nha.",0,1,0,1,0,0,0,1,0,0,0,0,0,0,1,1
"Lần đầu mua Nhìn bạn mua máy xay sinh tố cầm tay màu khác đẹp hơn mình hơi ghen, nhưng món của mình vẫn dùng ổn nhưng giá này vẫn chấp nhận được.",1,0,0,0,0,0,0,0,0,0,0,0,0,1,0,1
"Bạn mình nhận xét Đặt bánh gạo lứt lần này quá đáng tiền, giao đúng món và đóng gói sạch sẽ nhưng giá này vẫn chấp nhận được.",1,1,0,0,0,0,0,0,0,0,0,1,0,0,0,0
"Mình đặt thử bánh gạo lứt bị bám bụi trong hộp, nhìn mất cảm tình và hơi ghê nên chắc mình sẽ theo dõi thêm.",0,0,0,0,0,1,1,0,0,0,1,0,0,0,0,0
"lược chải chó mèo làm mình bất ngờ vì nhỏ gọn hơn nghĩ, cần dùng thêm mới đánh giá chắc luôn.",0,1,0,1,0,0,0,1,0,0,0,0,0,0,1,1
"Mẹ mình bảo dây dắt thú cưng đẹp nhưng giao hơi lâu, cảm xúc của mình bị tụt một chút và mình đã quay clip mở hàng.",1,0,0,0,1,0,0,0,0,1,1,0,0,0,0,0
"Bạn mình nhận xét loa mini để bàn đơn giản nhưng hiệu quả, dùng lên thấy dễ chịu và bình tĩnh hơn nha.",0,1,0,0,0,0,0,0,0,0,0,0,0,0,1,0
"Lần đầu mua đèn ngủ hình thú nhận về đẹp hơn mình tưởng, dùng thử một lúc đã thấy rất hài lòng nên chắc mình sẽ theo dõi thêm.",1,1,0,1,0,0,0,0,0,0,0,0,0,0,1,1
"Tui thấy bút màu nước đẹp nhưng giao hơi lâu, cảm xúc của mình bị tụt một chút lần sau chắc mình sẽ cân nhắc kỹ hơn.",1,0,0,0,1,0,0,0,0,1,1,0,0,0,0,0
"Lần đầu mua tai nghe chụp tai làm mình bất ngờ vì nhỏ gọn hơn nghĩ, cần dùng thêm mới đánh giá chắc nên chắc mình sẽ theo dõi thêm.",0,1,0,1,0,0,0,1,0,0,0,0,0,0,1,1
Tui thấy Mình lo bút màu nước không phải hàng chuẩn vì tem nhãn in khá mờ nha.,0,0,1,0,0,0,0,0,0,1,0,0,0,0,0,0
"Tui thấy bìa hồ sơ nhựa đẹp nhưng giao hơi lâu, cảm xúc của mình bị tụt một chút lần sau chắc mình sẽ cân nhắc kỹ hơn.",1,0,0,0,1,0,0,0,0,1,1,0,0,0,0,0
"áo yếm cho bé có lỗi nhỏ nhưng shop phản hồi lịch sự, mình bớt khó chịu hơn đóng gói nhìn khá gọn.",0,1,0,0,0,0,1,0,0,0,1,0,0,0,1,0
"Màu của khẩu trang y tế lệch với ảnh, mình hụt hẫng vì đã chọn rất kỹ luôn.",0,0,0,0,1,0,0,0,0,0,1,0,0,0,0,0
"Săn mã giảm giá xong Mình háo hức mở bút highlight, kết quả ổn thôi chứ chưa quá xuất sắc nên chắc mình sẽ theo dõi thêm.",1,0,0,0,0,0,0,1,0,0,1,0,0,0,0,1
"Tui thấy Mình mở ruột gối nằm ra là thích ngay, chất liệu ổn và cảm giác dùng khá yên tâm đóng gói nhìn khá gọn.",1,1,0,0,0,0,0,0,1,0,0,0,0,0,1,0
"Lần đầu mua Đặt ốp điện thoại trong suốt lần này quá đáng tiền, giao đúng món và đóng gói sạch sẽ mong shop giữ chất lượng như vậy.",1,1,0,0,0,0,0,0,0,0,0,1,0,0,0,0
"Mình đặt thử mũ lưỡi trai đẹp nhưng giao hơi lâu, cảm xúc của mình bị tụt một chút nha.",1,0,0,0,1,0,0,0,0,1,1,0,0,0,0,0
"Bạn mình nhận xét Ban đầu mình sợ chuột gaming không hợp, dùng thử rồi thấy ổn hơn tưởng lần sau chắc mình sẽ cân nhắc kỹ hơn.",0,1,1,1,0,0,0,0,0,1,0,0,0,0,1,0
"Mình đặt thử Canh sale mua được ấm siêu tốc giá tốt, cảm giác lời thật sự đóng gói nhìn khá gọn.",1,0,0,0,0,0,0,0,0,0,0,1,0,0,0,1
"Mình đặt thử vớ cổ cao nhìn ngoài đời xinh hơn hình, mình phấn khích muốn dùng ngay á.",1,1,0,1,0,0,0,1,0,0,0,0,0,0,0,1
"Lần đầu mua lược massage da đầu khác mô tả khá nhiều, mình thất vọng vì kỳ vọng ban đầu cao và mình đã quay clip mở hàng.",0,0,0,1,1,0,1,0,0,0,1,0,0,0,0,0
"Mình đặt thử Mình háo hức mở bình tưới cây, kết quả ổn thôi chứ chưa quá xuất sắc mong shop giữ chất lượng như vậy.",1,0,0,0,0,0,0,1,0,0,1,0,0,0,0,1
"Tui thấy Dùng webcam học online vài ngày thấy ổn định, không lỗi vặt nên mình khá an tâm luôn.",0,1,0,0,0,0,0,0,0,0,0,0,0,0,1,0
"Mình đặt thử miếng dán giữ nhiệt nhận về đẹp hơn mình tưởng, dùng thử một lúc đã thấy rất hài lòng lần sau chắc mình sẽ cân nhắc kỹ hơn.",1,1,0,1,0,0,0,0,0,0,0,0,0,0,1,1
"Tui thấy bộ ga gối nhìn ngoài đời kém sang hơn ảnh, đem khoe với bạn hơi ngại",0,0,0,0,0,0,0,0,0,0,1,0,1,0,0,0
"Lần đầu mua khăn choàng mỏng giá mềm nên mình không đòi hỏi nhiều, nhìn chung dùng được",0,1,0,0,0,0,0,0,0,0,0,0,0,0,1,0
"Đặt bộ ga gối lần này quá đáng tiền, giao đúng món và đóng gói sạch sẽ và mình đã quay clip mở hàng.",1,1,0,0,0,0,0,0,0,0,0,1,0,0,0,0
"Tui thấy khăn choàng mỏng dùng tạm được nhưng hoàn thiện ẩu, càng nhìn càng thấy bực nên chắc mình sẽ theo dõi thêm.",0,0,0,0,0,0,1,0,0,0,1,0,0,0,0,0
"Mình đặt thử đồ chơi xếp hình nhìn ngoài đời xinh hơn hình, mình phấn khích muốn dùng ngay nha.",1,1,0,1,0,0,0,1,0,0,0,0,0,0,0,1
"Bạn mình nhận xét trà đào túi lọc nhìn ngoài đời kém sang hơn ảnh, đem khoe với bạn hơi ngại á.",0,0,0,0,0,0,0,0,0,0,1,0,1,0,0,0
"Bạn mình nhận xét Nhìn bạn mua hộp quà giấy màu khác đẹp hơn mình hơi ghen, nhưng món của mình vẫn dùng ổn á.",1,0,0,0,0,0,0,0,0,0,0,0,0,1,0,1
"Lần đầu mua đế sạc không dây hợp nhu cầu của mình hơn dự đoán, dùng xong thấy nhẹ nhõm và vui nhưng giá này vẫn chấp nhận được.",1,1,0,1,0,0,0,0,1,0,0,0,0,0,1,1
"Bạn mình nhận xét Giao sổ ghi chú trễ hơn hẹn làm mình sốt ruột, nhận được rồi vẫn hơi bực mong shop giữ chất lượng như vậy.",0,0,0,0,0,0,1,0,0,1,1,0,0,0,0,0
"Lần đầu mua Ban đầu mình sợ túi đeo chéo không hợp, dùng thử rồi thấy ổn hơn tưởng luôn.",0,1,1,1,0,0,0,0,0,1,0,0,0,0,1,0
"Lần đầu mua ví mini khác mô tả khá nhiều, mình thất vọng vì kỳ vọng ban đầu cao và mình đã quay clip mở hàng.",0,0,0,1,1,0,1,0,0,0,1,0,0,0,0,0
"Tui thấy Dùng tai nghe chụp tai vài ngày thấy ổn định, không lỗi vặt nên mình khá an tâm á.",0,1,0,0,0,0,0,0,0,0,0,0,0,0,1,0
"Tui thấy dây dắt thú cưng bị bám bụi trong hộp, nhìn mất cảm tình và hơi ghê nhưng giá này vẫn chấp nhận được.",0,0,0,0,0,1,1,0,0,0,1,0,0,0,0,0
"Bạn mình nhận xét Canh sale mua được bộ muỗng nĩa inox giá tốt, cảm giác lời thật sự á.",1,0,0,0,0,0,0,0,0,0,0,1,0,0,0,1
"Săn mã giảm giá xong khăn choàng mỏng bị bám bụi trong hộp, nhìn mất cảm tình và hơi ghê lần sau chắc mình sẽ cân nhắc kỹ hơn.",0,0,0,0,0,1,1,0,0,0,1,0,0,0,0,0
"Lần đầu mua Mình mở đế sạc không dây ra là thích ngay, chất liệu ổn và cảm giác dùng khá yên tâm lần sau chắc mình sẽ cân nhắc kỹ hơn.",1,1,0,0,0,0,0,0,1,0,0,0,0,0,1,0
"Săn mã giảm giá xong Đặt quần short kaki lần này quá đáng tiền, giao đúng món và đóng gói sạch sẽ á.",1,1,0,0,0,0,0,0,0,0,0,1,0,0,0,0
"Bạn mình nhận xét Giao ấm siêu tốc trễ hơn hẹn làm mình sốt ruột, nhận được rồi vẫn hơi bực mong shop giữ chất lượng như vậy.",0,0,0,0,0,0,1,0,0,1,1,0,0,0,0,0
"Bạn mình nhận xét móc treo quần áo làm mình bất ngờ vì nhỏ gọn hơn nghĩ, cần dùng thêm mới đánh giá chắc",0,1,0,1,0,0,0,1,0,0,0,0,0,0,1,1
"ấm siêu tốc khác mô tả khá nhiều, mình thất vọng vì kỳ vọng ban đầu cao nhưng giá này vẫn chấp nhận được.",0,0,0,1,1,0,1,0,0,0,1,0,0,0,0,0
"Săn mã giảm giá xong tinh dầu phòng ngủ có lỗi nhỏ nhưng shop phản hồi lịch sự, mình bớt khó chịu hơn mong shop giữ chất lượng như vậy.",0,1,0,0,0,0,1,0,0,0,1,0,0,0,1,0
"Lần đầu mua Giao son dưỡng môi trễ hơn hẹn làm mình sốt ruột, nhận được rồi vẫn hơi bực lần sau chắc mình sẽ cân nhắc kỹ hơn.",0,0,0,0,0,0,1,0,0,1,1,0,0,0,0,0
"Tui thấy Shop gói đồ chơi xếp hình cẩn thận, nhận hàng xong mình tin tưởng hơn nhiều nên chắc mình sẽ theo dõi thêm.",0,1,0,0,0,0,0,0,0,0,0,0,0,0,1,0
"Mình đặt thử Mình mở móc treo quần áo ra là thích ngay, chất liệu ổn và cảm giác dùng khá yên tâm lần sau chắc mình sẽ cân nhắc kỹ hơn.",1,1,0,0,0,0,0,0,1,0,0,0,0,0,1,0
"Mẹ mình bảo Đang chờ dùng ví mini lâu hơn, hiện tại thấy ổn nhưng vẫn hơi lo độ bền",0,0,0,0,0,0,0,1,0,1,0,0,0,0,0,0
"Bạn mình nhận xét túi đeo chéo nhìn ngoài đời kém sang hơn ảnh, đem khoe với bạn hơi ngại lần sau chắc mình sẽ cân nhắc kỹ hơn.",0,0,0,0,0,0,0,0,0,0,1,0,1,0,0,0
"Mua áo yếm cho bé làm quà mà người nhận khen liên tục, mình thấy tự hào vì chọn đúng lần sau chắc mình sẽ cân nhắc kỹ hơn.",1,1,0,0,0,0,0,0,1,0,0,1,0,0,0,1
"Lần đầu mua Đặt bánh gạo lứt lần này quá đáng tiền, giao đúng món và đóng gói sạch sẽ á.",1,1,0,0,0,0,0,0,0,0,0,1,0,0,0,0
"Mình đặt thử bảng trắng mini hợp nhu cầu của mình hơn dự đoán, dùng xong thấy nhẹ nhõm và vui á.",1,1,0,1,0,0,0,0,1,0,0,0,0,0,1,1
Mình lo mật ong chai nhỏ không phải hàng chuẩn vì tem nhãn in khá mờ đóng gói nhìn khá gọn.,0,0,1,0,0,0,0,0,0,1,0,0,0,0,0,0
"Lần đầu mua Giao ốp điện thoại trong suốt trễ hơn hẹn làm mình sốt ruột, nhận được rồi vẫn hơi bực đóng gói nhìn khá gọn.",0,0,0,0,0,0,1,0,0,1,1,0,0,0,0,0
"Mẹ mình bảo bánh ăn vặt rong biển dùng tạm được nhưng hoàn thiện ẩu, càng nhìn càng thấy bực nên chắc mình sẽ theo dõi thêm.",0,0,0,0,0,0,1,0,0,0,1,0,0,0,0,0
"Lần đầu mua Ban đầu mình sợ thảm nhà tắm không hợp, dùng thử rồi thấy ổn hơn tưởng và mình đã quay clip mở hàng.",0,1,1,1,0,0,0,0,0,1,0,0,0,0,1,0
"Bạn mình nhận xét Canh sale mua được ruột gối nằm giá tốt, cảm giác lời thật sự nha.",1,0,0,0,0,0,0,0,0,0,0,1,0,0,0,1
"Mẹ mình bảo bông tẩy trang bị bám bụi trong hộp, nhìn mất cảm tình và hơi ghê luôn.",0,0,0,0,0,1,1,0,0,0,1,0,0,0,0,0
"Mình đặt thử quần short kaki bị bám bụi trong hộp, nhìn mất cảm tình và hơi ghê đóng gói nhìn khá gọn.",0,0,0,0,0,1,1,0,0,0,1,0,0,0,0,0
"Mình đặt thử Đặt đế sạc không dây lần này quá đáng tiền, giao đúng món và đóng gói sạch sẽ á.",1,1,0,0,0,0,0,0,0,0,0,1,0,0,0,0
"Tui thấy Canh sale mua được bút màu nước giá tốt, cảm giác lời thật sự và mình đã quay clip mở hàng.",1,0,0,0,0,0,0,0,0,0,0,1,0,0,0,1
"Tui thấy Mình háo hức mở mũ lưỡi trai, kết quả ổn thôi chứ chưa quá xuất sắc và mình đã quay clip mở hàng.",1,0,0,0,0,0,0,1,0,0,1,0,0,0,0,1
"Bạn mình nhận xét Mua son dưỡng môi làm quà mà người nhận khen liên tục, mình thấy tự hào vì chọn đúng lần sau chắc mình sẽ cân nhắc kỹ hơn.",1,1,0,0,0,0,0,0,1,0,0,1,0,0,0,1
Săn mã giảm giá xong Mình lo bông tẩy trang không phải hàng chuẩn vì tem nhãn in khá mờ lần sau chắc mình sẽ cân nhắc kỹ hơn.,0,0,1,0,0,0,0,0,0,1,0,0,0,0,0,0
"Săn mã giảm giá xong Ban đầu mình sợ quần short kaki không hợp, dùng thử rồi thấy ổn hơn tưởng lần sau chắc mình sẽ cân nhắc kỹ hơn.",0,1,1,1,0,0,0,0,0,1,0,0,0,0,1,0
"Lần đầu mua bông tẩy trang có lỗi nhỏ nhưng shop phản hồi lịch sự, mình bớt khó chịu hơn luôn.",0,1,0,0,0,0,1,0,0,0,1,0,0,0,1,0
"Canh sale mua được miếng kê cổ tay giá tốt, cảm giác lời thật sự luôn.",1,0,0,0,0,0,0,0,0,0,0,1,0,0,0,1
"Mẹ mình bảo Shop gói lược chải chó mèo cẩn thận, nhận hàng xong mình tin tưởng hơn nhiều nên chắc mình sẽ theo dõi thêm.",0,1,0,0,0,0,0,0,0,0,0,0,0,0,1,0
"Lần đầu mua ngũ cốc granola nhìn ngoài đời xinh hơn hình, mình phấn khích muốn dùng ngay và mình đã quay clip mở hàng.",1,1,0,1,0,0,0,1,0,0,0,0,0,0,0,1
"Lần đầu mua Ban đầu mình sợ thảm nhà tắm không hợp, dùng thử rồi thấy ổn hơn tưởng nên chắc mình sẽ theo dõi thêm.",0,1,1,1,0,0,0,0,0,1,0,0,0,0,1,0
"Mẹ mình bảo Màu của bút màu nước lệch với ảnh, mình hụt hẫng vì đã chọn rất kỹ",0,0,0,0,1,0,0,0,0,0,1,0,0,0,0,0
"Bạn mình nhận xét cáp chuyển đổi type C có điểm ổn nhưng vài chi tiết chưa như mong đợi, mình vừa vui vừa tiếc nên chắc mình sẽ theo dõi thêm.",1,0,0,0,1,0,0,0,0,0,1,0,0,0,0,0
"Mẹ mình bảo balo laptop nhận về đẹp hơn mình tưởng, dùng thử một lúc đã thấy rất hài lòng nha.",1,1,0,1,0,0,0,0,0,0,0,0,0,0,1,1
"Lần đầu mua Mua tinh dầu phòng ngủ làm quà mà người nhận khen liên tục, mình thấy tự hào vì chọn đúng mong shop giữ chất lượng như vậy.",1,1,0,0,0,0,0,0,1,0,0,1,0,0,0,1
"Bạn mình nhận xét lược chải chó mèo giá mềm nên mình không đòi hỏi nhiều, nhìn chung dùng được lần sau chắc mình sẽ cân nhắc kỹ hơn.",0,1,0,0,0,0,0,0,0,0,0,0,0,0,1,0
"quần short kaki hợp nhu cầu của mình hơn dự đoán, dùng xong thấy nhẹ nhõm và vui nha.",1,1,0,1,0,0,0,0,1,0,0,0,0,0,1,1
"Săn mã giảm giá xong Mình mở bát ăn cho mèo ra là thích ngay, chất liệu ổn và cảm giác dùng khá yên tâm và mình đã quay clip mở hàng.",1,1,0,0,0,0,0,0,1,0,0,0,0,0,1,0
"Tui thấy Đặt mật ong chai nhỏ để dùng gấp mà hàng thiếu chi tiết, mình rất khó chịu nhưng giá này vẫn chấp nhận được.",0,0,0,1,0,0,1,0,0,0,1,0,0,0,0,0
"Mẹ mình bảo Mình mở chuột gaming ra là thích ngay, chất liệu ổn và cảm giác dùng khá yên tâm và mình đã quay clip mở hàng.",1,1,0,0,0,0,0,0,1,0,0,0,0,0,1,0
"Mẹ mình bảo Mình háo hức mở balo laptop, kết quả ổn thôi chứ chưa quá xuất sắc á.",1,0,0,0,0,0,0,1,0,0,1,0,0,0,0,1
"Ban đầu mình sợ mền mỏng mùa hè không hợp, dùng thử rồi thấy ổn hơn tưởng và mình đã quay clip mở hàng.",0,1,1,1,0,0,0,0,0,1,0,0,0,0,1,0
"Săn mã giảm giá xong Mình háo hức mở vòng cổ thú cưng, kết quả ổn thôi chứ chưa quá xuất sắc nhưng giá này vẫn chấp nhận được.",1,0,0,0,0,0,0,1,0,0,1,0,0,0,0,1
"Tui thấy Đang chờ dùng nước sốt trộn salad lâu hơn, hiện tại thấy ổn nhưng vẫn hơi lo độ bền á.",0,0,0,0,0,0,0,1,0,1,0,0,0,0,0,0
"Săn mã giảm giá xong Nhìn bạn mua máy xay sinh tố cầm tay màu khác đẹp hơn mình hơi ghen, nhưng món của mình vẫn dùng ổn nha.",1,0,0,0,0,0,0,0,0,0,0,0,0,1,0,1
"Tui thấy áo choàng tắm nhận về đẹp hơn mình tưởng, dùng thử một lúc đã thấy rất hài lòng và mình đã quay clip mở hàng.",1,1,0,1,0,0,0,0,0,0,0,0,0,0,1,1
"Lần đầu mua Nhìn bạn mua áo choàng tắm màu khác đẹp hơn mình hơi ghen, nhưng món của mình vẫn dùng ổn á.",1,0,0,0,0,0,0,0,0,0,0,0,0,1,0,1
"Săn mã giảm giá xong Mua sữa rửa mặt dịu nhẹ làm quà mà người nhận khen liên tục, mình thấy tự hào vì chọn đúng luôn.",1,1,0,0,0,0,0,0,1,0,0,1,0,0,0,1
"kẹp giấy màu làm mình bất ngờ vì nhỏ gọn hơn nghĩ, cần dùng thêm mới đánh giá chắc mong shop giữ chất lượng như vậy.",0,1,0,1,0,0,0,1,0,0,0,0,0,0,1,1
"Săn mã giảm giá xong kệ góc phòng tắm nhìn ngoài đời xinh hơn hình, mình phấn khích muốn dùng ngay mong shop giữ chất lượng như vậy.",1,1,0,1,0,0,0,1,0,0,0,0,0,0,0,1
"Săn mã giảm giá xong băng gạc cá nhân đơn giản nhưng hiệu quả, dùng lên thấy dễ chịu và bình tĩnh hơn á.",0,1,0,0,0,0,0,0,0,0,0,0,0,0,1,0
"Lần đầu mua kệ góc phòng tắm nhận về đẹp hơn mình tưởng, dùng thử một lúc đã thấy rất hài lòng á.",1,1,0,1,0,0,0,0,0,0,0,0,0,0,1,1
"Mẹ mình bảo bảng trắng mini về tay bị lỗi nhẹ, mình buồn vì đã chờ món này khá lâu luôn.",0,0,0,0,1,0,0,0,0,1,1,0,0,0,0,0
"Lần đầu mua Mở kem dưỡng tay ra thấy mùi nhựa nồng, cảm giác khó chịu và không muốn dùng ngay lần sau chắc mình sẽ cân nhắc kỹ hơn.",0,0,0,0,0,1,0,0,0,0,1,0,0,0,0,0
"Săn mã giảm giá xong Ban đầu mình sợ bảng trắng mini không hợp, dùng thử rồi thấy ổn hơn tưởng lần sau chắc mình sẽ cân nhắc kỹ hơn.",0,1,1,1,0,0,0,0,0,1,0,0,0,0,1,0
"túi chườm lạnh nhận về đẹp hơn mình tưởng, dùng thử một lúc đã thấy rất hài lòng nên chắc mình sẽ theo dõi thêm.",1,1,0,1,0,0,0,0,0,0,0,0,0,0,1,1
"Mẹ mình bảo hộp đựng thực phẩm nhìn ngoài đời kém sang hơn ảnh, đem khoe với bạn hơi ngại",0,0,0,0,0,0,0,0,0,0,1,0,1,0,0,0
Bạn mình nhận xét Mình lo tai nghe chụp tai không phải hàng chuẩn vì tem nhãn in khá mờ và mình đã quay clip mở hàng.,0,0,1,0,0,0,0,0,0,1,0,0,0,0,0,0
"Mình đặt thử Giao bàn chải đánh răng điện trễ hơn hẹn làm mình sốt ruột, nhận được rồi vẫn hơi bực lần sau chắc mình sẽ cân nhắc kỹ hơn.",0,0,0,0,0,0,1,0,0,1,1,0,0,0,0,0
"Mình đặt thử loa mini để bàn khác mô tả khá nhiều, mình thất vọng vì kỳ vọng ban đầu cao á.",0,0,0,1,1,0,1,0,0,0,1,0,0,0,0,0
"Lần đầu mua Mình mở nến thơm ra là thích ngay, chất liệu ổn và cảm giác dùng khá yên tâm nhưng giá này vẫn chấp nhận được.",1,1,0,0,0,0,0,0,1,0,0,0,0,0,1,0
"Săn mã giảm giá xong áo thun form rộng dùng tạm được nhưng hoàn thiện ẩu, càng nhìn càng thấy bực lần sau chắc mình sẽ cân nhắc kỹ hơn.",0,0,0,0,0,0,1,0,0,0,1,0,0,0,0,0
"Bạn mình nhận xét Mở khăn lau bếp ra thấy mùi nhựa nồng, cảm giác khó chịu và không muốn dùng ngay luôn.",0,0,0,0,0,1,0,0,0,0,1,0,0,0,0,0
Mẹ mình bảo Mình lo túi chườm lạnh không phải hàng chuẩn vì tem nhãn in khá mờ luôn.,0,0,1,0,0,0,0,0,0,1,0,0,0,0,0,0
"Mẹ mình bảo bông tẩy trang dùng tạm được nhưng hoàn thiện ẩu, càng nhìn càng thấy bực nhưng giá này vẫn chấp nhận được.",0,0,0,0,0,0,1,0,0,0,1,0,0,0,0,0
"Lần đầu mua khẩu trang y tế khác mô tả khá nhiều, mình thất vọng vì kỳ vọng ban đầu cao nên chắc mình sẽ theo dõi thêm.",0,0,0,1,1,0,1,0,0,0,1,0,0,0,0,0
"Tui thấy Shop gói lược chải chó mèo cẩn thận, nhận hàng xong mình tin tưởng hơn nhiều nhưng giá này vẫn chấp nhận được.",0,1,0,0,0,0,0,0,0,0,0,0,0,0,1,0
"Lần đầu mua Ban đầu mình sợ kẹp giấy màu không hợp, dùng thử rồi thấy ổn hơn tưởng nha.",0,1,1,1,0,0,0,0,0,1,0,0,0,0,1,0
"Mẹ mình bảo cà phê rang xay nhìn ngoài đời kém sang hơn ảnh, đem khoe với bạn hơi ngại nhưng giá này vẫn chấp nhận được.",0,0,0,0,0,0,0,0,0,0,1,0,1,0,0,0
"Mua lược chải chó mèo về bị người nhà chê màu, mình hơi quê nhưng chất lượng không tệ nên chắc mình sẽ theo dõi thêm.",0,0,0,0,0,0,0,0,0,0,1,0,1,0,0,0
"Bạn mình nhận xét son dưỡng môi nhìn ngoài đời xinh hơn hình, mình phấn khích muốn dùng ngay đóng gói nhìn khá gọn.",1,1,0,1,0,0,0,1,0,0,0,0,0,0,0,1
"Mẹ mình bảo ngũ cốc granola có điểm ổn nhưng vài chi tiết chưa như mong đợi, mình vừa vui vừa tiếc mong shop giữ chất lượng như vậy.",1,0,0,0,1,0,0,0,0,0,1,0,0,0,0,0
"Lần đầu mua bình tưới cây bị bám bụi trong hộp, nhìn mất cảm tình và hơi ghê á.",0,0,0,0,0,1,1,0,0,0,1,0,0,0,0,0
"Săn mã giảm giá xong Màu của bình uống nước trẻ em lệch với ảnh, mình hụt hẫng vì đã chọn rất kỹ nha.",0,0,0,0,1,0,0,0,0,0,1,0,0,0,0,0
"Mình đặt thử ốp điện thoại trong suốt đơn giản nhưng hiệu quả, dùng lên thấy dễ chịu và bình tĩnh hơn đóng gói nhìn khá gọn.",0,1,0,0,0,0,0,0,0,0,0,0,0,0,1,0
"Săn mã giảm giá xong Đặt túi chườm lạnh lần này quá đáng tiền, giao đúng món và đóng gói sạch sẽ á.",1,1,0,0,0,0,0,0,0,0,0,1,0,0,0,0
"Săn mã giảm giá xong Dùng lược massage da đầu vài ngày thấy ổn định, không lỗi vặt nên mình khá an tâm á.",0,1,0,0,0,0,0,0,0,0,0,0,0,0,1,0
"đèn bàn kẹp cạnh nhận về đẹp hơn mình tưởng, dùng thử một lúc đã thấy rất hài lòng á.",1,1,0,1,0,0,0,0,0,0,0,0,0,0,1,1
Săn mã giảm giá xong Mình lo hộp quà giấy không phải hàng chuẩn vì tem nhãn in khá mờ luôn.,0,0,1,0,0,0,0,0,0,1,0,0,0,0,0,0
"Lần đầu mua Giao đèn ngủ hình thú trễ hơn hẹn làm mình sốt ruột, nhận được rồi vẫn hơi bực đóng gói nhìn khá gọn.",0,0,0,0,0,0,1,0,0,1,1,0,0,0,0,0
"Lần đầu mua bình lọc nước giá mềm nên mình không đòi hỏi nhiều, nhìn chung dùng được nhưng giá này vẫn chấp nhận được.",0,1,0,0,0,0,0,0,0,0,0,0,0,0,1,0
"Tui thấy sách tô màu khác mô tả khá nhiều, mình thất vọng vì kỳ vọng ban đầu cao nha.",0,0,0,1,1,0,1,0,0,0,1,0,0,0,0,0
"Săn mã giảm giá xong Mình háo hức mở áo thun form rộng, kết quả ổn thôi chứ chưa quá xuất sắc luôn.",1,0,0,0,0,0,0,1,0,0,1,0,0,0,0,1
"Tui thấy Dùng vớ cổ cao vài ngày thấy ổn định, không lỗi vặt nên mình khá an tâm lần sau chắc mình sẽ cân nhắc kỹ hơn.",0,1,0,0,0,0,0,0,0,0,0,0,0,0,1,0
"Mình đặt thử Mình mở khung treo ảnh ra là thích ngay, chất liệu ổn và cảm giác dùng khá yên tâm á.",1,1,0,0,0,0,0,0,1,0,0,0,0,0,1,0
"Tui thấy webcam học online bị bám bụi trong hộp, nhìn mất cảm tình và hơi ghê mong shop giữ chất lượng như vậy.",0,0,0,0,0,1,1,0,0,0,1,0,0,0,0,0
"Mình đặt thử Đặt áo yếm cho bé để dùng gấp mà hàng thiếu chi tiết, mình rất khó chịu và mình đã quay clip mở hàng.",0,0,0,1,0,0,1,0,0,0,1,0,0,0,0,0
Săn mã giảm giá xong Mình lo bình tưới cây không phải hàng chuẩn vì tem nhãn in khá mờ lần sau chắc mình sẽ cân nhắc kỹ hơn.,0,0,1,0,0,0,0,0,0,1,0,0,0,0,0,0
"Mình đặt thử Mua vớ cổ cao về bị người nhà chê màu, mình hơi quê nhưng chất lượng không tệ mong shop giữ chất lượng như vậy.",0,0,0,0,0,0,0,0,0,0,1,0,1,0,0,0
"Săn mã giảm giá xong Đang chờ dùng máy xay sinh tố cầm tay lâu hơn, hiện tại thấy ổn nhưng vẫn hơi lo độ bền mong shop giữ chất lượng như vậy.",0,0,0,0,0,0,0,1,0,1,0,0,0,0,0,0
"Săn mã giảm giá xong Canh sale mua được chậu cây để bàn giá tốt, cảm giác lời thật sự á.",1,0,0,0,0,0,0,0,0,0,0,1,0,0,0,1
"Săn mã giảm giá xong kem dưỡng tay đẹp nhưng giao hơi lâu, cảm xúc của mình bị tụt một chút lần sau chắc mình sẽ cân nhắc kỹ hơn.",1,0,0,0,1,0,0,0,0,1,1,0,0,0,0,0
"Tui thấy đồ chơi xếp hình có điểm ổn nhưng vài chi tiết chưa như mong đợi, mình vừa vui vừa tiếc nên chắc mình sẽ theo dõi thêm.",1,0,0,0,1,0,0,0,0,0,1,0,0,0,0,0
"Lần đầu mua Đặt bình tưới cây lần này quá đáng tiền, giao đúng món và đóng gói sạch sẽ nên chắc mình sẽ theo dõi thêm.",1,1,0,0,0,0,0,0,0,0,0,1,0,0,0,0
"Mẹ mình bảo Canh sale mua được ruột gối nằm giá tốt, cảm giác lời thật sự và mình đã quay clip mở hàng.",1,0,0,0,0,0,0,0,0,0,0,1,0,0,0,1
"Tui thấy Đặt bát ăn cho mèo lần này quá đáng tiền, giao đúng món và đóng gói sạch sẽ nha.",1,1,0,0,0,0,0,0,0,0,0,1,0,0,0,0
"Lần đầu mua bộ ga gối khác mô tả khá nhiều, mình thất vọng vì kỳ vọng ban đầu cao nha.",0,0,0,1,1,0,1,0,0,0,1,0,0,0,0,0
"Bạn mình nhận xét Đặt móc treo quần áo lần này quá đáng tiền, giao đúng món và đóng gói sạch sẽ nhưng giá này vẫn chấp nhận được.",1,1,0,0,0,0,0,0,0,0,0,1,0,0,0,0
"Bạn mình nhận xét Đặt túi chườm lạnh để dùng gấp mà hàng thiếu chi tiết, mình rất khó chịu nhưng giá này vẫn chấp nhận được.",0,0,0,1,0,0,1,0,0,0,1,0,0,0,0,0
"Săn mã giảm giá xong ví mini nhìn ngoài đời xinh hơn hình, mình phấn khích muốn dùng ngay nhưng giá này vẫn chấp nhận được.",1,1,0,1,0,0,0,1,0,0,0,0,0,0,0,1
"Săn mã giảm giá xong Mình háo hức mở giá sách để bàn, kết quả ổn thôi chứ chưa quá xuất sắc đóng gói nhìn khá gọn.",1,0,0,0,0,0,0,1,0,0,1,0,0,0,0,1
"Săn mã giảm giá xong váy midi làm mình bất ngờ vì nhỏ gọn hơn nghĩ, cần dùng thêm mới đánh giá chắc đóng gói nhìn khá gọn.",0,1,0,1,0,0,0,1,0,0,0,0,0,0,1,1
"Màu của kẹp giấy màu lệch với ảnh, mình hụt hẫng vì đã chọn rất kỹ và mình đã quay clip mở hàng.",0,0,0,0,1,0,0,0,0,0,1,0,0,0,0,0
"Bạn mình nhận xét bông tẩy trang đẹp nhưng giao hơi lâu, cảm xúc của mình bị tụt một chút nhưng giá này vẫn chấp nhận được.",1,0,0,0,1,0,0,0,0,1,1,0,0,0,0,0
"Lần đầu mua Đang chờ dùng dây dắt thú cưng lâu hơn, hiện tại thấy ổn nhưng vẫn hơi lo độ bền lần sau chắc mình sẽ cân nhắc kỹ hơn.",0,0,0,0,0,0,0,1,0,1,0,0,0,0,0,0
"Tui thấy Mình háo hức mở ngũ cốc granola, kết quả ổn thôi chứ chưa quá xuất sắc mong shop giữ chất lượng như vậy.",1,0,0,0,0,0,0,1,0,0,1,0,0,0,0,1
"Bạn mình nhận xét Canh sale mua được kệ góc phòng tắm giá tốt, cảm giác lời thật sự mong shop giữ chất lượng như vậy.",1,0,0,0,0,0,0,0,0,0,0,1,0,0,0,1
"Mẹ mình bảo áo khoác chống nắng khác mô tả khá nhiều, mình thất vọng vì kỳ vọng ban đầu cao nhưng giá này vẫn chấp nhận được.",0,0,0,1,1,0,1,0,0,0,1,0,0,0,0,0
"Bạn mình nhận xét Mua ấm siêu tốc về bị người nhà chê màu, mình hơi quê nhưng chất lượng không tệ nha.",0,0,0,0,0,0,0,0,0,0,1,0,1,0,0,0
"Đặt nước sốt trộn salad để dùng gấp mà hàng thiếu chi tiết, mình rất khó chịu nhưng giá này vẫn chấp nhận được.",0,0,0,1,0,0,1,0,0,0,1,0,0,0,0,0
"Lần đầu mua hạt dinh dưỡng mix nhìn ngoài đời kém sang hơn ảnh, đem khoe với bạn hơi ngại",0,0,0,0,0,0,0,0,0,0,1,0,1,0,0,0
"Bạn mình nhận xét ốp điện thoại trong suốt có điểm ổn nhưng vài chi tiết chưa như mong đợi, mình vừa vui vừa tiếc nha.",1,0,0,0,1,0,0,0,0,0,1,0,0,0,0,0
"Mua khung treo ảnh làm quà mà người nhận khen liên tục, mình thấy tự hào vì chọn đúng nên chắc mình sẽ theo dõi thêm.",1,1,0,0,0,0,0,0,1,0,0,1,0,0,0,1
"Tui thấy kẹp giấy màu về tay bị lỗi nhẹ, mình buồn vì đã chờ món này khá lâu mong shop giữ chất lượng như vậy.",0,0,0,0,1,0,0,0,0,1,1,0,0,0,0,0
"Săn mã giảm giá xong khẩu trang y tế về tay bị lỗi nhẹ, mình buồn vì đã chờ món này khá lâu nhưng giá này vẫn chấp nhận được.",0,0,0,0,1,0,0,0,0,1,1,0,0,0,0,0
"Săn mã giảm giá xong kem dưỡng tay đẹp nhưng giao hơi lâu, cảm xúc của mình bị tụt một chút nhưng giá này vẫn chấp nhận được.",1,0,0,0,1,0,0,0,0,1,1,0,0,0,0,0
"Mua nến thơm về bị người nhà chê màu, mình hơi quê nhưng chất lượng không tệ mong shop giữ chất lượng như vậy.",0,0,0,0,0,0,0,0,0,0,1,0,1,0,0,0
"Mình đặt thử Đang chờ dùng váy midi lâu hơn, hiện tại thấy ổn nhưng vẫn hơi lo độ bền",0,0,0,0,0,0,0,1,0,1,0,0,0,0,0,0
"Lần đầu mua Dùng băng gạc cá nhân vài ngày thấy ổn định, không lỗi vặt nên mình khá an tâm luôn.",0,1,0,0,0,0,0,0,0,0,0,0,0,0,1,0
"balo laptop đẹp nhưng giao hơi lâu, cảm xúc của mình bị tụt một chút á.",1,0,0,0,1,0,0,0,0,1,1,0,0,0,0,0
"Mua khăn lau bếp về bị người nhà chê màu, mình hơi quê nhưng chất lượng không tệ đóng gói nhìn khá gọn.",0,0,0,0,0,0,0,0,0,0,1,0,1,0,0,0
"Tui thấy Dùng quạt mini để bàn vài ngày thấy ổn định, không lỗi vặt nên mình khá an tâm mong shop giữ chất lượng như vậy.",0,1,0,0,0,0,0,0,0,0,0,0,0,0,1,0
"Tui thấy loa mini để bàn nhìn ngoài đời kém sang hơn ảnh, đem khoe với bạn hơi ngại mong shop giữ chất lượng như vậy.",0,0,0,0,0,0,0,0,0,0,1,0,1,0,0,0
"Mẹ mình bảo nến thơm đẹp nhưng giao hơi lâu, cảm xúc của mình bị tụt một chút nha.",1,0,0,0,1,0,0,0,0,1,1,0,0,0,0,0
Lần đầu mua Mình lo ngũ cốc granola không phải hàng chuẩn vì tem nhãn in khá mờ luôn.,0,0,1,0,0,0,0,0,0,1,0,0,0,0,0,0
"máy xay sinh tố cầm tay đơn giản nhưng hiệu quả, dùng lên thấy dễ chịu và bình tĩnh hơn đóng gói nhìn khá gọn.",0,1,0,0,0,0,0,0,0,0,0,0,0,0,1,0
"Mẹ mình bảo áo khoác chống nắng có lỗi nhỏ nhưng shop phản hồi lịch sự, mình bớt khó chịu hơn đóng gói nhìn khá gọn.",0,1,0,0,0,0,1,0,0,0,1,0,0,0,1,0
"Lần đầu mua kẹp giấy màu khác mô tả khá nhiều, mình thất vọng vì kỳ vọng ban đầu cao á.",0,0,0,1,1,0,1,0,0,0,1,0,0,0,0,0
"Lần đầu mua khăn choàng mỏng nhìn ngoài đời kém sang hơn ảnh, đem khoe với bạn hơi ngại á.",0,0,0,0,0,0,0,0,0,0,1,0,1,0,0,0
"Săn mã giảm giá xong tai nghe chụp tai giá mềm nên mình không đòi hỏi nhiều, nhìn chung dùng được nên chắc mình sẽ theo dõi thêm.",0,1,0,0,0,0,0,0,0,0,0,0,0,0,1,0
"Nhìn bạn mua bánh gạo lứt màu khác đẹp hơn mình hơi ghen, nhưng món của mình vẫn dùng ổn đóng gói nhìn khá gọn.",1,0,0,0,0,0,0,0,0,0,0,0,0,1,0,1
"Mình đặt thử Mở balo laptop ra thấy mùi nhựa nồng, cảm giác khó chịu và không muốn dùng ngay nhưng giá này vẫn chấp nhận được.",0,0,0,0,0,1,0,0,0,0,1,0,0,0,0,0
"Mình đặt thử Đặt bìa hồ sơ nhựa lần này quá đáng tiền, giao đúng món và đóng gói sạch sẽ và mình đã quay clip mở hàng.",1,1,0,0,0,0,0,0,0,0,0,1,0,0,0,0
"Bạn mình nhận xét quần short kaki làm mình bất ngờ vì nhỏ gọn hơn nghĩ, cần dùng thêm mới đánh giá chắc mong shop giữ chất lượng như vậy.",0,1,0,1,0,0,0,1,0,0,0,0,0,0,1,1
"Mẹ mình bảo Giao tai nghe chụp tai trễ hơn hẹn làm mình sốt ruột, nhận được rồi vẫn hơi bực mong shop giữ chất lượng như vậy.",0,0,0,0,0,0,1,0,0,1,1,0,0,0,0,0
"Tui thấy Giao quạt mini để bàn trễ hơn hẹn làm mình sốt ruột, nhận được rồi vẫn hơi bực lần sau chắc mình sẽ cân nhắc kỹ hơn.",0,0,0,0,0,0,1,0,0,1,1,0,0,0,0,0
Săn mã giảm giá xong Mình lo sữa rửa mặt dịu nhẹ không phải hàng chuẩn vì tem nhãn in khá mờ lần sau chắc mình sẽ cân nhắc kỹ hơn.,0,0,1,0,0,0,0,0,0,1,0,0,0,0,0,0
"Bạn mình nhận xét rèm cửa sổ bị bám bụi trong hộp, nhìn mất cảm tình và hơi ghê đóng gói nhìn khá gọn.",0,0,0,0,0,1,1,0,0,0,1,0,0,0,0,0
"Săn mã giảm giá xong sữa rửa mặt dịu nhẹ về tay bị lỗi nhẹ, mình buồn vì đã chờ món này khá lâu á.",0,0,0,0,1,0,0,0,0,1,1,0,0,0,0,0
"Bạn mình nhận xét Canh sale mua được cáp chuyển đổi type C giá tốt, cảm giác lời thật sự á.",1,0,0,0,0,0,0,0,0,0,0,1,0,0,0,1
"Mình đặt thử khung treo ảnh nhìn ngoài đời kém sang hơn ảnh, đem khoe với bạn hơi ngại nhưng giá này vẫn chấp nhận được.",0,0,0,0,0,0,0,0,0,0,1,0,1,0,0,0
"Bạn mình nhận xét miếng dán giữ nhiệt nhận về đẹp hơn mình tưởng, dùng thử một lúc đã thấy rất hài lòng và mình đã quay clip mở hàng.",1,1,0,1,0,0,0,0,0,0,0,0,0,0,1,1
"Tui thấy Màu của bộ muỗng nĩa inox lệch với ảnh, mình hụt hẫng vì đã chọn rất kỹ và mình đã quay clip mở hàng.",0,0,0,0,1,0,0,0,0,0,1,0,0,0,0,0
"Mẹ mình bảo tinh dầu phòng ngủ về tay bị lỗi nhẹ, mình buồn vì đã chờ món này khá lâu đóng gói nhìn khá gọn.",0,0,0,0,1,0,0,0,0,1,1,0,0,0,0,0
"Đặt kem dưỡng tay để dùng gấp mà hàng thiếu chi tiết, mình rất khó chịu lần sau chắc mình sẽ cân nhắc kỹ hơn.",0,0,0,1,0,0,1,0,0,0,1,0,0,0,0,0
"Tui thấy Đặt bình lọc nước lần này quá đáng tiền, giao đúng món và đóng gói sạch sẽ nhưng giá này vẫn chấp nhận được.",1,1,0,0,0,0,0,0,0,0,0,1,0,0,0,0
"Săn mã giảm giá xong Đặt đồ chơi xếp hình để dùng gấp mà hàng thiếu chi tiết, mình rất khó chịu á.",0,0,0,1,0,0,1,0,0,0,1,0,0,0,0,0
"Lần đầu mua hộp quà giấy có điểm ổn nhưng vài chi tiết chưa như mong đợi, mình vừa vui vừa tiếc mong shop giữ chất lượng như vậy.",1,0,0,0,1,0,0,0,0,0,1,0,0,0,0,0
"Nhìn bạn mua chậu cây để bàn màu khác đẹp hơn mình hơi ghen, nhưng món của mình vẫn dùng ổn luôn.",1,0,0,0,0,0,0,0,0,0,0,0,0,1,0,1
"Bạn mình nhận xét Dùng nước hoa mini vài ngày thấy ổn định, không lỗi vặt nên mình khá an tâm á.",0,1,0,0,0,0,0,0,0,0,0,0,0,0,1,0
"Mình đặt thử Ban đầu mình sợ lược massage da đầu không hợp, dùng thử rồi thấy ổn hơn tưởng và mình đã quay clip mở hàng.",0,1,1,1,0,0,0,0,0,1,0,0,0,0,1,0
"Mình đặt thử Đặt hộp quà giấy để dùng gấp mà hàng thiếu chi tiết, mình rất khó chịu và mình đã quay clip mở hàng.",0,0,0,1,0,0,1,0,0,0,1,0,0,0,0,0
"Mình đặt thử Đang chờ dùng vớ cổ cao lâu hơn, hiện tại thấy ổn nhưng vẫn hơi lo độ bền và mình đã quay clip mở hàng.",0,0,0,0,0,0,0,1,0,1,0,0,0,0,0,0
"Bạn mình nhận xét sổ ghi chú giá mềm nên mình không đòi hỏi nhiều, nhìn chung dùng được nên chắc mình sẽ theo dõi thêm.",0,1,0,0,0,0,0,0,0,0,0,0,0,0,1,0
"Tui thấy Canh sale mua được lược massage da đầu giá tốt, cảm giác lời thật sự luôn.",1,0,0,0,0,0,0,0,0,0,0,1,0,0,0,1
"bình lọc nước về tay bị lỗi nhẹ, mình buồn vì đã chờ món này khá lâu lần sau chắc mình sẽ cân nhắc kỹ hơn.",0,0,0,0,1,0,0,0,0,1,1,0,0,0,0,0
"Tui thấy bộ muỗng nĩa inox nhìn ngoài đời xinh hơn hình, mình phấn khích muốn dùng ngay mong shop giữ chất lượng như vậy.",1,1,0,1,0,0,0,1,0,0,0,0,0,0,0,1
"Mình đặt thử Đang chờ dùng kem dưỡng tay lâu hơn, hiện tại thấy ổn nhưng vẫn hơi lo độ bền lần sau chắc mình sẽ cân nhắc kỹ hơn.",0,0,0,0,0,0,0,1,0,1,0,0,0,0,0,0
"bánh gạo lứt đơn giản nhưng hiệu quả, dùng lên thấy dễ chịu và bình tĩnh hơn á.",0,1,0,0,0,0,0,0,0,0,0,0,0,0,1,0
"Mẹ mình bảo Dùng nước hoa mini vài ngày thấy ổn định, không lỗi vặt nên mình khá an tâm nha.",0,1,0,0,0,0,0,0,0,0,0,0,0,0,1,0
"Lần đầu mua bông tẩy trang nhận về đẹp hơn mình tưởng, dùng thử một lúc đã thấy rất hài lòng lần sau chắc mình sẽ cân nhắc kỹ hơn.",1,1,0,1,0,0,0,0,0,0,0,0,0,0,1,1
"Canh sale mua được chuột gaming giá tốt, cảm giác lời thật sự",1,0,0,0,0,0,0,0,0,0,0,1,0,0,0,1
"Lần đầu mua lược chải chó mèo đơn giản nhưng hiệu quả, dùng lên thấy dễ chịu và bình tĩnh hơn nha.",0,1,0,0,0,0,0,0,0,0,0,0,0,0,1,0
"Săn mã giảm giá xong đồ chơi xếp hình hợp nhu cầu của mình hơn dự đoán, dùng xong thấy nhẹ nhõm và vui",1,1,0,1,0,0,0,0,1,0,0,0,0,0,1,1
"Bạn mình nhận xét trà đào túi lọc đơn giản nhưng hiệu quả, dùng lên thấy dễ chịu và bình tĩnh hơn mong shop giữ chất lượng như vậy.",0,1,0,0,0,0,0,0,0,0,0,0,0,0,1,0
"Tui thấy bình tưới cây về tay bị lỗi nhẹ, mình buồn vì đã chờ món này khá lâu",0,0,0,0,1,0,0,0,0,1,1,0,0,0,0,0
"Bạn mình nhận xét nến thơm làm mình bất ngờ vì nhỏ gọn hơn nghĩ, cần dùng thêm mới đánh giá chắc luôn.",0,1,0,1,0,0,0,1,0,0,0,0,0,0,1,1
"Bạn mình nhận xét mũ lưỡi trai khác mô tả khá nhiều, mình thất vọng vì kỳ vọng ban đầu cao luôn.",0,0,0,1,1,0,1,0,0,0,1,0,0,0,0,0
"Lần đầu mua trà đào túi lọc có điểm ổn nhưng vài chi tiết chưa như mong đợi, mình vừa vui vừa tiếc",1,0,0,0,1,0,0,0,0,0,1,0,0,0,0,0
"Săn mã giảm giá xong Shop gói quạt mini để bàn cẩn thận, nhận hàng xong mình tin tưởng hơn nhiều đóng gói nhìn khá gọn.",0,1,0,0,0,0,0,0,0,0,0,0,0,0,1,0
"Tui thấy Đặt bông tẩy trang lần này quá đáng tiền, giao đúng món và đóng gói sạch sẽ luôn.",1,1,0,0,0,0,0,0,0,0,0,1,0,0,0,0
"Bạn mình nhận xét vòng cổ thú cưng đẹp nhưng giao hơi lâu, cảm xúc của mình bị tụt một chút đóng gói nhìn khá gọn.",1,0,0,0,1,0,0,0,0,1,1,0,0,0,0,0
"Mình đặt thử Nhìn bạn mua bánh gạo lứt màu khác đẹp hơn mình hơi ghen, nhưng món của mình vẫn dùng ổn á.",1,0,0,0,0,0,0,0,0,0,0,0,0,1,0,1
"Bạn mình nhận xét khăn sữa khác mô tả khá nhiều, mình thất vọng vì kỳ vọng ban đầu cao mong shop giữ chất lượng như vậy.",0,0,0,1,1,0,1,0,0,0,1,0,0,0,0,0
"Mình đặt thử bông tẩy trang làm mình bất ngờ vì nhỏ gọn hơn nghĩ, cần dùng thêm mới đánh giá chắc nhưng giá này vẫn chấp nhận được.",0,1,0,1,0,0,0,1,0,0,0,0,0,0,1,1
"Mình đặt thử lược massage da đầu nhìn ngoài đời kém sang hơn ảnh, đem khoe với bạn hơi ngại",0,0,0,0,0,0,0,0,0,0,1,0,1,0,0,0
"Đang chờ dùng cà phê rang xay lâu hơn, hiện tại thấy ổn nhưng vẫn hơi lo độ bền á.",0,0,0,0,0,0,0,1,0,1,0,0,0,0,0,0
"Lần đầu mua Canh sale mua được móc treo quần áo giá tốt, cảm giác lời thật sự luôn.",1,0,0,0,0,0,0,0,0,0,0,1,0,0,0,1
"Tui thấy Dùng máy xay sinh tố cầm tay vài ngày thấy ổn định, không lỗi vặt nên mình khá an tâm lần sau chắc mình sẽ cân nhắc kỹ hơn.",0,1,0,0,0,0,0,0,0,0,0,0,0,0,1,0
"Mua khăn choàng mỏng làm quà mà người nhận khen liên tục, mình thấy tự hào vì chọn đúng nhưng giá này vẫn chấp nhận được.",1,1,0,0,0,0,0,0,1,0,0,1,0,0,0,1
"Mình đặt thử chậu cây để bàn giá mềm nên mình không đòi hỏi nhiều, nhìn chung dùng được mong shop giữ chất lượng như vậy.",0,1,0,0,0,0,0,0,0,0,0,0,0,0,1,0
"Tui thấy Mình mở nước hoa mini ra là thích ngay, chất liệu ổn và cảm giác dùng khá yên tâm nên chắc mình sẽ theo dõi thêm.",1,1,0,0,0,0,0,0,1,0,0,0,0,0,1,0
"Săn mã giảm giá xong son dưỡng môi giá mềm nên mình không đòi hỏi nhiều, nhìn chung dùng được mong shop giữ chất lượng như vậy.",0,1,0,0,0,0,0,0,0,0,0,0,0,0,1,0
"Tui thấy Ban đầu mình sợ khăn choàng mỏng không hợp, dùng thử rồi thấy ổn hơn tưởng nên chắc mình sẽ theo dõi thêm.",0,1,1,1,0,0,0,0,0,1,0,0,0,0,1,0
"Săn mã giảm giá xong Ban đầu mình sợ hạt dinh dưỡng mix không hợp, dùng thử rồi thấy ổn hơn tưởng á.",0,1,1,1,0,0,0,0,0,1,0,0,0,0,1,0
"Mình đặt thử vớ cổ cao hợp nhu cầu của mình hơn dự đoán, dùng xong thấy nhẹ nhõm và vui á.",1,1,0,1,0,0,0,0,1,0,0,0,0,0,1,1
"Mẹ mình bảo quạt mini để bàn có lỗi nhỏ nhưng shop phản hồi lịch sự, mình bớt khó chịu hơn nha.",0,1,0,0,0,0,1,0,0,0,1,0,0,0,1,0
"Tui thấy Mình mở khăn choàng mỏng ra là thích ngay, chất liệu ổn và cảm giác dùng khá yên tâm nên chắc mình sẽ theo dõi thêm.",1,1,0,0,0,0,0,0,1,0,0,0,0,0,1,0
"Săn mã giảm giá xong Đang chờ dùng bánh gạo lứt lâu hơn, hiện tại thấy ổn nhưng vẫn hơi lo độ bền đóng gói nhìn khá gọn.",0,0,0,0,0,0,0,1,0,1,0,0,0,0,0,0
"son dưỡng môi bị bám bụi trong hộp, nhìn mất cảm tình và hơi ghê mong shop giữ chất lượng như vậy.",0,0,0,0,0,1,1,0,0,0,1,0,0,0,0,0
"Bạn mình nhận xét bông tẩy trang giá mềm nên mình không đòi hỏi nhiều, nhìn chung dùng được nên chắc mình sẽ theo dõi thêm.",0,1,0,0,0,0,0,0,0,0,0,0,0,0,1,0
"Bạn mình nhận xét Đặt bút màu nước để dùng gấp mà hàng thiếu chi tiết, mình rất khó chịu mong shop giữ chất lượng như vậy.",0,0,0,1,0,0,1,0,0,0,1,0,0,0,0,0
Mình lo ốp điện thoại trong suốt không phải hàng chuẩn vì tem nhãn in khá mờ nhưng giá này vẫn chấp nhận được.,0,0,1,0,0,0,0,0,0,1,0,0,0,0,0,0
Mẹ mình bảo Mình lo khẩu trang y tế không phải hàng chuẩn vì tem nhãn in khá mờ,0,0,1,0,0,0,0,0,0,1,0,0,0,0,0,0
"Lần đầu mua Dùng cáp chuyển đổi type C vài ngày thấy ổn định, không lỗi vặt nên mình khá an tâm đóng gói nhìn khá gọn.",0,1,0,0,0,0,0,0,0,0,0,0,0,0,1,0
"Săn mã giảm giá xong hạt dinh dưỡng mix nhận về đẹp hơn mình tưởng, dùng thử một lúc đã thấy rất hài lòng nên chắc mình sẽ theo dõi thêm.",1,1,0,1,0,0,0,0,0,0,0,0,0,0,1,1
"Săn mã giảm giá xong Mình mở trà đào túi lọc ra là thích ngay, chất liệu ổn và cảm giác dùng khá yên tâm nha.",1,1,0,0,0,0,0,0,1,0,0,0,0,0,1,0
"Lần đầu mua hộp quà giấy dùng tạm được nhưng hoàn thiện ẩu, càng nhìn càng thấy bực mong shop giữ chất lượng như vậy.",0,0,0,0,0,0,1,0,0,0,1,0,0,0,0,0
"Mình đặt thử Mua kem dưỡng tay làm quà mà người nhận khen liên tục, mình thấy tự hào vì chọn đúng nhưng giá này vẫn chấp nhận được.",1,1,0,0,0,0,0,0,1,0,0,1,0,0,0,1
"Bạn mình nhận xét Đặt đồ chơi xếp hình lần này quá đáng tiền, giao đúng món và đóng gói sạch sẽ và mình đã quay clip mở hàng.",1,1,0,0,0,0,0,0,0,0,0,1,0,0,0,0
"Mẹ mình bảo áo choàng tắm về tay bị lỗi nhẹ, mình buồn vì đã chờ món này khá lâu luôn.",0,0,0,0,1,0,0,0,0,1,1,0,0,0,0,0
"Bạn mình nhận xét máy xay sinh tố cầm tay về tay bị lỗi nhẹ, mình buồn vì đã chờ món này khá lâu mong shop giữ chất lượng như vậy.",0,0,0,0,1,0,0,0,0,1,1,0,0,0,0,0
"Bạn mình nhận xét Ban đầu mình sợ son dưỡng môi không hợp, dùng thử rồi thấy ổn hơn tưởng lần sau chắc mình sẽ cân nhắc kỹ hơn.",0,1,1,1,0,0,0,0,0,1,0,0,0,0,1,0
"giày sandal bị bám bụi trong hộp, nhìn mất cảm tình và hơi ghê và mình đã quay clip mở hàng.",0,0,0,0,0,1,1,0,0,0,1,0,0,0,0,0
"nến thơm về tay bị lỗi nhẹ, mình buồn vì đã chờ món này khá lâu nhưng giá này vẫn chấp nhận được.",0,0,0,0,1,0,0,0,0,1,1,0,0,0,0,0
"Mua bình uống nước trẻ em về bị người nhà chê màu, mình hơi quê nhưng chất lượng không tệ lần sau chắc mình sẽ cân nhắc kỹ hơn.",0,0,0,0,0,0,0,0,0,0,1,0,1,0,0,0
"Giao khung treo ảnh trễ hơn hẹn làm mình sốt ruột, nhận được rồi vẫn hơi bực á.",0,0,0,0,0,0,1,0,0,1,1,0,0,0,0,0
"Mình đặt thử Mở khăn sữa ra thấy mùi nhựa nồng, cảm giác khó chịu và không muốn dùng ngay mong shop giữ chất lượng như vậy.",0,0,0,0,0,1,0,0,0,0,1,0,0,0,0,0
"bình tưới cây đẹp nhưng giao hơi lâu, cảm xúc của mình bị tụt một chút á.",1,0,0,0,1,0,0,0,0,1,1,0,0,0,0,0
"Tui thấy Đặt sữa rửa mặt dịu nhẹ để dùng gấp mà hàng thiếu chi tiết, mình rất khó chịu nên chắc mình sẽ theo dõi thêm.",0,0,0,1,0,0,1,0,0,0,1,0,0,0,0,0
"Lần đầu mua Mình háo hức mở bình tưới cây, kết quả ổn thôi chứ chưa quá xuất sắc mong shop giữ chất lượng như vậy.",1,0,0,0,0,0,0,1,0,0,1,0,0,0,0,1
"Lần đầu mua webcam học online nhận về đẹp hơn mình tưởng, dùng thử một lúc đã thấy rất hài lòng đóng gói nhìn khá gọn.",1,1,0,1,0,0,0,0,0,0,0,0,0,0,1,1
"Tui thấy ruột gối nằm giá mềm nên mình không đòi hỏi nhiều, nhìn chung dùng được nên chắc mình sẽ theo dõi thêm.",0,1,0,0,0,0,0,0,0,0,0,0,0,0,1,0
"Mình đặt thử lược chải chó mèo nhận về đẹp hơn mình tưởng, dùng thử một lúc đã thấy rất hài lòng nhưng giá này vẫn chấp nhận được.",1,1,0,1,0,0,0,0,0,0,0,0,0,0,1,1
"Săn mã giảm giá xong Dùng cáp chuyển đổi type C vài ngày thấy ổn định, không lỗi vặt nên mình khá an tâm luôn.",0,1,0,0,0,0,0,0,0,0,0,0,0,0,1,0
"Lần đầu mua khung treo ảnh hợp nhu cầu của mình hơn dự đoán, dùng xong thấy nhẹ nhõm và vui nha.",1,1,0,1,0,0,0,0,1,0,0,0,0,0,1,1
"Lần đầu mua sách tô màu có lỗi nhỏ nhưng shop phản hồi lịch sự, mình bớt khó chịu hơn nên chắc mình sẽ theo dõi thêm.",0,1,0,0,0,0,1,0,0,0,1,0,0,0,1,0
"Mẹ mình bảo bình uống nước trẻ em giá mềm nên mình không đòi hỏi nhiều, nhìn chung dùng được nhưng giá này vẫn chấp nhận được.",0,1,0,0,0,0,0,0,0,0,0,0,0,0,1,0
"Tui thấy Màu của rèm cửa sổ lệch với ảnh, mình hụt hẫng vì đã chọn rất kỹ mong shop giữ chất lượng như vậy.",0,0,0,0,1,0,0,0,0,0,1,0,0,0,0,0
"Bạn mình nhận xét Shop gói lược chải chó mèo cẩn thận, nhận hàng xong mình tin tưởng hơn nhiều á.",0,1,0,0,0,0,0,0,0,0,0,0,0,0,1,0
"Lần đầu mua bánh gạo lứt dùng tạm được nhưng hoàn thiện ẩu, càng nhìn càng thấy bực nha.",0,0,0,0,0,0,1,0,0,0,1,0,0,0,0,0
"Săn mã giảm giá xong Canh sale mua được mũ lưỡi trai giá tốt, cảm giác lời thật sự nhưng giá này vẫn chấp nhận được.",1,0,0,0,0,0,0,0,0,0,0,1,0,0,0,1
"Săn mã giảm giá xong miếng dán giữ nhiệt có lỗi nhỏ nhưng shop phản hồi lịch sự, mình bớt khó chịu hơn lần sau chắc mình sẽ cân nhắc kỹ hơn.",0,1,0,0,0,0,1,0,0,0,1,0,0,0,1,0
"Mua sữa rửa mặt dịu nhẹ về bị người nhà chê màu, mình hơi quê nhưng chất lượng không tệ nên chắc mình sẽ theo dõi thêm.",0,0,0,0,0,0,0,0,0,0,1,0,1,0,0,0
"Mình đặt thử Mua bông tẩy trang về bị người nhà chê màu, mình hơi quê nhưng chất lượng không tệ đóng gói nhìn khá gọn.",0,0,0,0,0,0,0,0,0,0,1,0,1,0,0,0
"Tui thấy đồ chơi xếp hình làm mình bất ngờ vì nhỏ gọn hơn nghĩ, cần dùng thêm mới đánh giá chắc mong shop giữ chất lượng như vậy.",0,1,0,1,0,0,0,1,0,0,0,0,0,0,1,1
"Mẹ mình bảo Màu của dây dắt thú cưng lệch với ảnh, mình hụt hẫng vì đã chọn rất kỹ và mình đã quay clip mở hàng.",0,0,0,0,1,0,0,0,0,0,1,0,0,0,0,0
"Mình đặt thử lược chải chó mèo đẹp nhưng giao hơi lâu, cảm xúc của mình bị tụt một chút nhưng giá này vẫn chấp nhận được.",1,0,0,0,1,0,0,0,0,1,1,0,0,0,0,0
"Mẹ mình bảo đèn ngủ hình thú có lỗi nhỏ nhưng shop phản hồi lịch sự, mình bớt khó chịu hơn á.",0,1,0,0,0,0,1,0,0,0,1,0,0,0,1,0
"Bạn mình nhận xét ruột gối nằm nhìn ngoài đời kém sang hơn ảnh, đem khoe với bạn hơi ngại á.",0,0,0,0,0,0,0,0,0,0,1,0,1,0,0,0
"Mẹ mình bảo Mình mở áo choàng tắm ra là thích ngay, chất liệu ổn và cảm giác dùng khá yên tâm mong shop giữ chất lượng như vậy.",1,1,0,0,0,0,0,0,1,0,0,0,0,0,1,0
"Lần đầu mua kẹp giấy màu khác mô tả khá nhiều, mình thất vọng vì kỳ vọng ban đầu cao nha.",0,0,0,1,1,0,1,0,0,0,1,0,0,0,0,0
"Tui thấy Mình mở sách tô màu ra là thích ngay, chất liệu ổn và cảm giác dùng khá yên tâm lần sau chắc mình sẽ cân nhắc kỹ hơn.",1,1,0,0,0,0,0,0,1,0,0,0,0,0,1,0
"Săn mã giảm giá xong hạt dinh dưỡng mix về tay bị lỗi nhẹ, mình buồn vì đã chờ món này khá lâu luôn.",0,0,0,0,1,0,0,0,0,1,1,0,0,0,0,0
"Mình đặt thử bình tưới cây hợp nhu cầu của mình hơn dự đoán, dùng xong thấy nhẹ nhõm và vui mong shop giữ chất lượng như vậy.",1,1,0,1,0,0,0,0,1,0,0,0,0,0,1,1
"Tui thấy Đang chờ dùng quần short kaki lâu hơn, hiện tại thấy ổn nhưng vẫn hơi lo độ bền nhưng giá này vẫn chấp nhận được.",0,0,0,0,0,0,0,1,0,1,0,0,0,0,0,0
"Bạn mình nhận xét Đặt quạt mini để bàn lần này quá đáng tiền, giao đúng món và đóng gói sạch sẽ nên chắc mình sẽ theo dõi thêm.",1,1,0,0,0,0,0,0,0,0,0,1,0,0,0,0
Lần đầu mua Mình lo miếng dán giữ nhiệt không phải hàng chuẩn vì tem nhãn in khá mờ nhưng giá này vẫn chấp nhận được.,0,0,1,0,0,0,0,0,0,1,0,0,0,0,0,0
"Mẹ mình bảo ốp điện thoại trong suốt làm mình bất ngờ vì nhỏ gọn hơn nghĩ, cần dùng thêm mới đánh giá chắc lần sau chắc mình sẽ cân nhắc kỹ hơn.",0,1,0,1,0,0,0,1,0,0,0,0,0,0,1,1
"Lần đầu mua kẹp giấy màu về tay bị lỗi nhẹ, mình buồn vì đã chờ món này khá lâu mong shop giữ chất lượng như vậy.",0,0,0,0,1,0,0,0,0,1,1,0,0,0,0,0
"Mình đặt thử Mình mở bát ăn cho mèo ra là thích ngay, chất liệu ổn và cảm giác dùng khá yên tâm luôn.",1,1,0,0,0,0,0,0,1,0,0,0,0,0,1,0
"Lần đầu mua ruột gối nằm có điểm ổn nhưng vài chi tiết chưa như mong đợi, mình vừa vui vừa tiếc nên chắc mình sẽ theo dõi thêm.",1,0,0,0,1,0,0,0,0,0,1,0,0,0,0,0
"Đang chờ dùng bộ ga gối lâu hơn, hiện tại thấy ổn nhưng vẫn hơi lo độ bền nhưng giá này vẫn chấp nhận được.",0,0,0,0,0,0,0,1,0,1,0,0,0,0,0,0
"Lần đầu mua đế sạc không dây đẹp nhưng giao hơi lâu, cảm xúc của mình bị tụt một chút luôn.",1,0,0,0,1,0,0,0,0,1,1,0,0,0,0,0
"Lần đầu mua Mua bình tưới cây làm quà mà người nhận khen liên tục, mình thấy tự hào vì chọn đúng nên chắc mình sẽ theo dõi thêm.",1,1,0,0,0,0,0,0,1,0,0,1,0,0,0,1
"Mẹ mình bảo Mình mở áo khoác chống nắng ra là thích ngay, chất liệu ổn và cảm giác dùng khá yên tâm",1,1,0,0,0,0,0,0,1,0,0,0,0,0,1,0
"Mẹ mình bảo Mở nước hoa mini ra thấy mùi nhựa nồng, cảm giác khó chịu và không muốn dùng ngay nhưng giá này vẫn chấp nhận được.",0,0,0,0,0,1,0,0,0,0,1,0,0,0,0,0
"Mình đặt thử Dùng đèn bàn kẹp cạnh vài ngày thấy ổn định, không lỗi vặt nên mình khá an tâm nhưng giá này vẫn chấp nhận được.",0,1,0,0,0,0,0,0,0,0,0,0,0,0,1,0
"Săn mã giảm giá xong Ban đầu mình sợ bánh ăn vặt rong biển không hợp, dùng thử rồi thấy ổn hơn tưởng nha.",0,1,1,1,0,0,0,0,0,1,0,0,0,0,1,0
"Mua ấm siêu tốc làm quà mà người nhận khen liên tục, mình thấy tự hào vì chọn đúng đóng gói nhìn khá gọn.",1,1,0,0,0,0,0,0,1,0,0,1,0,0,0,1
Lần đầu mua Mình lo kẹp giấy màu không phải hàng chuẩn vì tem nhãn in khá mờ á.,0,0,1,0,0,0,0,0,0,1,0,0,0,0,0,0
"Mình đặt thử sách tô màu có lỗi nhỏ nhưng shop phản hồi lịch sự, mình bớt khó chịu hơn nha.",0,1,0,0,0,0,1,0,0,0,1,0,0,0,1,0
"Lần đầu mua bộ ga gối bị bám bụi trong hộp, nhìn mất cảm tình và hơi ghê nên chắc mình sẽ theo dõi thêm.",0,0,0,0,0,1,1,0,0,0,1,0,0,0,0,0
"Lần đầu mua Canh sale mua được đèn ngủ hình thú giá tốt, cảm giác lời thật sự",1,0,0,0,0,0,0,0,0,0,0,1,0,0,0,1
"Mẹ mình bảo Mình háo hức mở khung treo ảnh, kết quả ổn thôi chứ chưa quá xuất sắc lần sau chắc mình sẽ cân nhắc kỹ hơn.",1,0,0,0,0,0,0,1,0,0,1,0,0,0,0,1
"Bạn mình nhận xét Đặt máy xay sinh tố cầm tay lần này quá đáng tiền, giao đúng món và đóng gói sạch sẽ và mình đã quay clip mở hàng.",1,1,0,0,0,0,0,0,0,0,0,1,0,0,0,0
"Lần đầu mua hạt dinh dưỡng mix đơn giản nhưng hiệu quả, dùng lên thấy dễ chịu và bình tĩnh hơn nhưng giá này vẫn chấp nhận được.",0,1,0,0,0,0,0,0,0,0,0,0,0,0,1,0
"Săn mã giảm giá xong nến thơm bị bám bụi trong hộp, nhìn mất cảm tình và hơi ghê nên chắc mình sẽ theo dõi thêm.",0,0,0,0,0,1,1,0,0,0,1,0,0,0,0,0
"Săn mã giảm giá xong khăn lau bếp khác mô tả khá nhiều, mình thất vọng vì kỳ vọng ban đầu cao mong shop giữ chất lượng như vậy.",0,0,0,1,1,0,1,0,0,0,1,0,0,0,0,0
"Bạn mình nhận xét Dùng tai nghe chụp tai vài ngày thấy ổn định, không lỗi vặt nên mình khá an tâm đóng gói nhìn khá gọn.",0,1,0,0,0,0,0,0,0,0,0,0,0,0,1,0
"Mẹ mình bảo sổ ghi chú nhìn ngoài đời kém sang hơn ảnh, đem khoe với bạn hơi ngại nên chắc mình sẽ theo dõi thêm.",0,0,0,0,0,0,0,0,0,0,1,0,1,0,0,0
"Lần đầu mua Mua váy midi về bị người nhà chê màu, mình hơi quê nhưng chất lượng không tệ nhưng giá này vẫn chấp nhận được.",0,0,0,0,0,0,0,0,0,0,1,0,1,0,0,0
"Mình đặt thử kem dưỡng tay nhận về đẹp hơn mình tưởng, dùng thử một lúc đã thấy rất hài lòng",1,1,0,1,0,0,0,0,0,0,0,0,0,0,1,1
"Bạn mình nhận xét Đang chờ dùng ngũ cốc granola lâu hơn, hiện tại thấy ổn nhưng vẫn hơi lo độ bền nên chắc mình sẽ theo dõi thêm.",0,0,0,0,0,0,0,1,0,1,0,0,0,0,0,0
Săn mã giảm giá xong Mình lo bộ ga gối không phải hàng chuẩn vì tem nhãn in khá mờ và mình đã quay clip mở hàng.,0,0,1,0,0,0,0,0,0,1,0,0,0,0,0,0
"Tui thấy kệ góc phòng tắm có điểm ổn nhưng vài chi tiết chưa như mong đợi, mình vừa vui vừa tiếc đóng gói nhìn khá gọn.",1,0,0,0,1,0,0,0,0,0,1,0,0,0,0,0
"Săn mã giảm giá xong Ban đầu mình sợ nến thơm không hợp, dùng thử rồi thấy ổn hơn tưởng nha.",0,1,1,1,0,0,0,0,0,1,0,0,0,0,1,0
"Lần đầu mua Mình háo hức mở đế sạc không dây, kết quả ổn thôi chứ chưa quá xuất sắc",1,0,0,0,0,0,0,1,0,0,1,0,0,0,0,1
"Bạn mình nhận xét Nhìn bạn mua lược massage da đầu màu khác đẹp hơn mình hơi ghen, nhưng món của mình vẫn dùng ổn",1,0,0,0,0,0,0,0,0,0,0,0,0,1,0,1
"Lần đầu mua Mở mật ong chai nhỏ ra thấy mùi nhựa nồng, cảm giác khó chịu và không muốn dùng ngay nha.",0,0,0,0,0,1,0,0,0,0,1,0,0,0,0,0
"Mẹ mình bảo cáp chuyển đổi type C có lỗi nhỏ nhưng shop phản hồi lịch sự, mình bớt khó chịu hơn và mình đã quay clip mở hàng.",0,1,0,0,0,0,1,0,0,0,1,0,0,0,1,0
"Tui thấy Mua dép bông đi nhà làm quà mà người nhận khen liên tục, mình thấy tự hào vì chọn đúng nha.",1,1,0,0,0,0,0,0,1,0,0,1,0,0,0,1
"Mẹ mình bảo Mình háo hức mở bát ăn cho mèo, kết quả ổn thôi chứ chưa quá xuất sắc lần sau chắc mình sẽ cân nhắc kỹ hơn.",1,0,0,0,0,0,0,1,0,0,1,0,0,0,0,1
"Mẹ mình bảo bút màu nước có lỗi nhỏ nhưng shop phản hồi lịch sự, mình bớt khó chịu hơn nha.",0,1,0,0,0,0,1,0,0,0,1,0,0,0,1,0
"Săn mã giảm giá xong nến thơm có lỗi nhỏ nhưng shop phản hồi lịch sự, mình bớt khó chịu hơn mong shop giữ chất lượng như vậy.",0,1,0,0,0,0,1,0,0,0,1,0,0,0,1,0
"Săn mã giảm giá xong Đang chờ dùng nước hoa mini lâu hơn, hiện tại thấy ổn nhưng vẫn hơi lo độ bền và mình đã quay clip mở hàng.",0,0,0,0,0,0,0,1,0,1,0,0,0,0,0,0
"loa mini để bàn bị bám bụi trong hộp, nhìn mất cảm tình và hơi ghê nha.",0,0,0,0,0,1,1,0,0,0,1,0,0,0,0,0
"Lần đầu mua kệ góc phòng tắm làm mình bất ngờ vì nhỏ gọn hơn nghĩ, cần dùng thêm mới đánh giá chắc nhưng giá này vẫn chấp nhận được.",0,1,0,1,0,0,0,1,0,0,0,0,0,0,1,1
"Mở vòng cổ thú cưng ra thấy mùi nhựa nồng, cảm giác khó chịu và không muốn dùng ngay nhưng giá này vẫn chấp nhận được.",0,0,0,0,0,1,0,0,0,0,1,0,0,0,0,0
"Mình đặt thử Canh sale mua được quần short kaki giá tốt, cảm giác lời thật sự luôn.",1,0,0,0,0,0,0,0,0,0,0,1,0,0,0,1
"Lần đầu mua Mở đèn ngủ hình thú ra thấy mùi nhựa nồng, cảm giác khó chịu và không muốn dùng ngay nên chắc mình sẽ theo dõi thêm.",0,0,0,0,0,1,0,0,0,0,1,0,0,0,0,0
"Săn mã giảm giá xong mật ong chai nhỏ khác mô tả khá nhiều, mình thất vọng vì kỳ vọng ban đầu cao và mình đã quay clip mở hàng.",0,0,0,1,1,0,1,0,0,0,1,0,0,0,0,0
"Tui thấy Ban đầu mình sợ tai nghe chụp tai không hợp, dùng thử rồi thấy ổn hơn tưởng mong shop giữ chất lượng như vậy.",0,1,1,1,0,0,0,0,0,1,0,0,0,0,1,0
Mình đặt thử Mình lo áo khoác chống nắng không phải hàng chuẩn vì tem nhãn in khá mờ và mình đã quay clip mở hàng.,0,0,1,0,0,0,0,0,0,1,0,0,0,0,0,0
"Lần đầu mua Dùng cà phê rang xay vài ngày thấy ổn định, không lỗi vặt nên mình khá an tâm luôn.",0,1,0,0,0,0,0,0,0,0,0,0,0,0,1,0
"Lần đầu mua khung treo ảnh có lỗi nhỏ nhưng shop phản hồi lịch sự, mình bớt khó chịu hơn nên chắc mình sẽ theo dõi thêm.",0,1,0,0,0,0,1,0,0,0,1,0,0,0,1,0
"Tui thấy áo choàng tắm hợp nhu cầu của mình hơn dự đoán, dùng xong thấy nhẹ nhõm và vui",1,1,0,1,0,0,0,0,1,0,0,0,0,0,1,1
"Bạn mình nhận xét giày sandal đơn giản nhưng hiệu quả, dùng lên thấy dễ chịu và bình tĩnh hơn luôn.",0,1,0,0,0,0,0,0,0,0,0,0,0,0,1,0
"Mình đặt thử Dùng đế sạc không dây vài ngày thấy ổn định, không lỗi vặt nên mình khá an tâm nha.",0,1,0,0,0,0,0,0,0,0,0,0,0,0,1,0
"Mẹ mình bảo giá sách để bàn bị bám bụi trong hộp, nhìn mất cảm tình và hơi ghê lần sau chắc mình sẽ cân nhắc kỹ hơn.",0,0,0,0,0,1,1,0,0,0,1,0,0,0,0,0
"Lần đầu mua dép bông đi nhà nhìn ngoài đời kém sang hơn ảnh, đem khoe với bạn hơi ngại nha.",0,0,0,0,0,0,0,0,0,0,1,0,1,0,0,0
"dép bông đi nhà có điểm ổn nhưng vài chi tiết chưa như mong đợi, mình vừa vui vừa tiếc mong shop giữ chất lượng như vậy.",1,0,0,0,1,0,0,0,0,0,1,0,0,0,0,0
"Mẹ mình bảo Giao cà phê rang xay trễ hơn hẹn làm mình sốt ruột, nhận được rồi vẫn hơi bực",0,0,0,0,0,0,1,0,0,1,1,0,0,0,0,0
"Bạn mình nhận xét bìa hồ sơ nhựa nhìn ngoài đời xinh hơn hình, mình phấn khích muốn dùng ngay mong shop giữ chất lượng như vậy.",1,1,0,1,0,0,0,1,0,0,0,0,0,0,0,1
"Mẹ mình bảo ruột gối nằm làm mình bất ngờ vì nhỏ gọn hơn nghĩ, cần dùng thêm mới đánh giá chắc luôn.",0,1,0,1,0,0,0,1,0,0,0,0,0,0,1,1
"Lần đầu mua Đặt bìa hồ sơ nhựa để dùng gấp mà hàng thiếu chi tiết, mình rất khó chịu và mình đã quay clip mở hàng.",0,0,0,1,0,0,1,0,0,0,1,0,0,0,0,0
"Mẹ mình bảo ví mini khác mô tả khá nhiều, mình thất vọng vì kỳ vọng ban đầu cao á.",0,0,0,1,1,0,1,0,0,0,1,0,0,0,0,0
"Săn mã giảm giá xong webcam học online làm mình bất ngờ vì nhỏ gọn hơn nghĩ, cần dùng thêm mới đánh giá chắc mong shop giữ chất lượng như vậy.",0,1,0,1,0,0,0,1,0,0,0,0,0,0,1,1
"Tui thấy Ban đầu mình sợ cáp chuyển đổi type C không hợp, dùng thử rồi thấy ổn hơn tưởng đóng gói nhìn khá gọn.",0,1,1,1,0,0,0,0,0,1,0,0,0,0,1,0
"Săn mã giảm giá xong Mình mở váy midi ra là thích ngay, chất liệu ổn và cảm giác dùng khá yên tâm và mình đã quay clip mở hàng.",1,1,0,0,0,0,0,0,1,0,0,0,0,0,1,0
"Săn mã giảm giá xong Shop gói mền mỏng mùa hè cẩn thận, nhận hàng xong mình tin tưởng hơn nhiều đóng gói nhìn khá gọn.",0,1,0,0,0,0,0,0,0,0,0,0,0,0,1,0
"Săn mã giảm giá xong Đặt thảm nhà tắm lần này quá đáng tiền, giao đúng món và đóng gói sạch sẽ lần sau chắc mình sẽ cân nhắc kỹ hơn.",1,1,0,0,0,0,0,0,0,0,0,1,0,0,0,0
"Tui thấy thảm nhà tắm nhìn ngoài đời kém sang hơn ảnh, đem khoe với bạn hơi ngại á.",0,0,0,0,0,0,0,0,0,0,1,0,1,0,0,0
"Tui thấy túi chườm lạnh đẹp nhưng giao hơi lâu, cảm xúc của mình bị tụt một chút đóng gói nhìn khá gọn.",1,0,0,0,1,0,0,0,0,1,1,0,0,0,0,0
"Săn mã giảm giá xong Canh sale mua được áo thun form rộng giá tốt, cảm giác lời thật sự nha.",1,0,0,0,0,0,0,0,0,0,0,1,0,0,0,1
"Mẹ mình bảo Đặt chuột gaming để dùng gấp mà hàng thiếu chi tiết, mình rất khó chịu nha.",0,0,0,1,0,0,1,0,0,0,1,0,0,0,0,0
"Săn mã giảm giá xong Ban đầu mình sợ loa mini để bàn không hợp, dùng thử rồi thấy ổn hơn tưởng",0,1,1,1,0,0,0,0,0,1,0,0,0,0,1,0
"Mẹ mình bảo chuột gaming nhận về đẹp hơn mình tưởng, dùng thử một lúc đã thấy rất hài lòng á.",1,1,0,1,0,0,0,0,0,0,0,0,0,0,1,1
"hạt dinh dưỡng mix về tay bị lỗi nhẹ, mình buồn vì đã chờ món này khá lâu nha.",0,0,0,0,1,0,0,0,0,1,1,0,0,0,0,0
"Tui thấy Mình mở tinh dầu phòng ngủ ra là thích ngay, chất liệu ổn và cảm giác dùng khá yên tâm nhưng giá này vẫn chấp nhận được.",1,1,0,0,0,0,0,0,1,0,0,0,0,0,1,0
"Lần đầu mua áo yếm cho bé hợp nhu cầu của mình hơn dự đoán, dùng xong thấy nhẹ nhõm và vui luôn.",1,1,0,1,0,0,0,0,1,0,0,0,0,0,1,1
"Săn mã giảm giá xong hộp quà giấy bị bám bụi trong hộp, nhìn mất cảm tình và hơi ghê và mình đã quay clip mở hàng.",0,0,0,0,0,1,1,0,0,0,1,0,0,0,0,0
"bình uống nước trẻ em nhìn ngoài đời kém sang hơn ảnh, đem khoe với bạn hơi ngại mong shop giữ chất lượng như vậy.",0,0,0,0,0,0,0,0,0,0,1,0,1,0,0,0
"Mình đặt thử Dùng bút màu nước vài ngày thấy ổn định, không lỗi vặt nên mình khá an tâm",0,1,0,0,0,0,0,0,0,0,0,0,0,0,1,0
"Bạn mình nhận xét khăn sữa đơn giản nhưng hiệu quả, dùng lên thấy dễ chịu và bình tĩnh hơn",0,1,0,0,0,0,0,0,0,0,0,0,0,0,1,0
"Săn mã giảm giá xong Màu của ví mini lệch với ảnh, mình hụt hẫng vì đã chọn rất kỹ nhưng giá này vẫn chấp nhận được.",0,0,0,0,1,0,0,0,0,0,1,0,0,0,0,0
"Ban đầu mình sợ vớ cổ cao không hợp, dùng thử rồi thấy ổn hơn tưởng mong shop giữ chất lượng như vậy.",0,1,1,1,0,0,0,0,0,1,0,0,0,0,1,0
"Đặt bình tưới cây lần này quá đáng tiền, giao đúng món và đóng gói sạch sẽ và mình đã quay clip mở hàng.",1,1,0,0,0,0,0,0,0,0,0,1,0,0,0,0
"Shop gói ngũ cốc granola cẩn thận, nhận hàng xong mình tin tưởng hơn nhiều nha.",0,1,0,0,0,0,0,0,0,0,0,0,0,0,1,0
Lần đầu mua Mình lo kem dưỡng tay không phải hàng chuẩn vì tem nhãn in khá mờ đóng gói nhìn khá gọn.,0,0,1,0,0,0,0,0,0,1,0,0,0,0,0,0
"Mẹ mình bảo lược chải chó mèo giá mềm nên mình không đòi hỏi nhiều, nhìn chung dùng được nhưng giá này vẫn chấp nhận được.",0,1,0,0,0,0,0,0,0,0,0,0,0,0,1,0
"Mẹ mình bảo bánh gạo lứt dùng tạm được nhưng hoàn thiện ẩu, càng nhìn càng thấy bực mong shop giữ chất lượng như vậy.",0,0,0,0,0,0,1,0,0,0,1,0,0,0,0,0
Bạn mình nhận xét Mình lo bút màu nước không phải hàng chuẩn vì tem nhãn in khá mờ luôn.,0,0,1,0,0,0,0,0,0,1,0,0,0,0,0,0
"Lần đầu mua loa mini để bàn làm mình bất ngờ vì nhỏ gọn hơn nghĩ, cần dùng thêm mới đánh giá chắc lần sau chắc mình sẽ cân nhắc kỹ hơn.",0,1,0,1,0,0,0,1,0,0,0,0,0,0,1,1
"Bạn mình nhận xét Giao móc treo quần áo trễ hơn hẹn làm mình sốt ruột, nhận được rồi vẫn hơi bực á.",0,0,0,0,0,0,1,0,0,1,1,0,0,0,0,0
"Săn mã giảm giá xong áo choàng tắm về tay bị lỗi nhẹ, mình buồn vì đã chờ món này khá lâu mong shop giữ chất lượng như vậy.",0,0,0,0,1,0,0,0,0,1,1,0,0,0,0,0
"Lần đầu mua Giao bảng trắng mini trễ hơn hẹn làm mình sốt ruột, nhận được rồi vẫn hơi bực luôn.",0,0,0,0,0,0,1,0,0,1,1,0,0,0,0,0
"Mẹ mình bảo Giao bàn chải đánh răng điện trễ hơn hẹn làm mình sốt ruột, nhận được rồi vẫn hơi bực nên chắc mình sẽ theo dõi thêm.",0,0,0,0,0,0,1,0,0,1,1,0,0,0,0,0
"Lần đầu mua Shop gói bìa hồ sơ nhựa cẩn thận, nhận hàng xong mình tin tưởng hơn nhiều mong shop giữ chất lượng như vậy.",0,1,0,0,0,0,0,0,0,0,0,0,0,0,1,0
"Săn mã giảm giá xong Đặt mũ lưỡi trai lần này quá đáng tiền, giao đúng món và đóng gói sạch sẽ luôn.",1,1,0,0,0,0,0,0,0,0,0,1,0,0,0,0
"Giao cáp chuyển đổi type C trễ hơn hẹn làm mình sốt ruột, nhận được rồi vẫn hơi bực và mình đã quay clip mở hàng.",0,0,0,0,0,0,1,0,0,1,1,0,0,0,0,0
"Đặt chuột gaming để dùng gấp mà hàng thiếu chi tiết, mình rất khó chịu đóng gói nhìn khá gọn.",0,0,0,1,0,0,1,0,0,0,1,0,0,0,0,0
"Mẹ mình bảo Đặt vòng cổ thú cưng để dùng gấp mà hàng thiếu chi tiết, mình rất khó chịu luôn.",0,0,0,1,0,0,1,0,0,0,1,0,0,0,0,0
"Săn mã giảm giá xong Mở áo choàng tắm ra thấy mùi nhựa nồng, cảm giác khó chịu và không muốn dùng ngay nhưng giá này vẫn chấp nhận được.",0,0,0,0,0,1,0,0,0,0,1,0,0,0,0,0
"Mình đặt thử túi đeo chéo đơn giản nhưng hiệu quả, dùng lên thấy dễ chịu và bình tĩnh hơn nên chắc mình sẽ theo dõi thêm.",0,1,0,0,0,0,0,0,0,0,0,0,0,0,1,0
"Mình đặt thử sổ ghi chú hợp nhu cầu của mình hơn dự đoán, dùng xong thấy nhẹ nhõm và vui lần sau chắc mình sẽ cân nhắc kỹ hơn.",1,1,0,1,0,0,0,0,1,0,0,0,0,0,1,1
"Lần đầu mua Shop gói móc treo quần áo cẩn thận, nhận hàng xong mình tin tưởng hơn nhiều mong shop giữ chất lượng như vậy.",0,1,0,0,0,0,0,0,0,0,0,0,0,0,1,0
"kệ góc phòng tắm làm mình bất ngờ vì nhỏ gọn hơn nghĩ, cần dùng thêm mới đánh giá chắc và mình đã quay clip mở hàng.",0,1,0,1,0,0,0,1,0,0,0,0,0,0,1,1
"Mở vòng cổ thú cưng ra thấy mùi nhựa nồng, cảm giác khó chịu và không muốn dùng ngay nên chắc mình sẽ theo dõi thêm.",0,0,0,0,0,1,0,0,0,0,1,0,0,0,0,0
"Săn mã giảm giá xong Dùng trà đào túi lọc vài ngày thấy ổn định, không lỗi vặt nên mình khá an tâm nhưng giá này vẫn chấp nhận được.",0,1,0,0,0,0,0,0,0,0,0,0,0,0,1,0
"Săn mã giảm giá xong vòng cổ thú cưng đẹp nhưng giao hơi lâu, cảm xúc của mình bị tụt một chút đóng gói nhìn khá gọn.",1,0,0,0,1,0,0,0,0,1,1,0,0,0,0,0
"Lần đầu mua Ban đầu mình sợ cà phê rang xay không hợp, dùng thử rồi thấy ổn hơn tưởng lần sau chắc mình sẽ cân nhắc kỹ hơn.",0,1,1,1,0,0,0,0,0,1,0,0,0,0,1,0
Lần đầu mua Mình lo áo khoác chống nắng không phải hàng chuẩn vì tem nhãn in khá mờ nên chắc mình sẽ theo dõi thêm.,0,0,1,0,0,0,0,0,0,1,0,0,0,0,0,0
"Mẹ mình bảo Mua áo khoác chống nắng làm quà mà người nhận khen liên tục, mình thấy tự hào vì chọn đúng nên chắc mình sẽ theo dõi thêm.",1,1,0,0,0,0,0,0,1,0,0,1,0,0,0,1
"Mở miếng dán giữ nhiệt ra thấy mùi nhựa nồng, cảm giác khó chịu và không muốn dùng ngay nha.",0,0,0,0,0,1,0,0,0,0,1,0,0,0,0,0
"Lần đầu mua đèn bàn kẹp cạnh nhìn ngoài đời kém sang hơn ảnh, đem khoe với bạn hơi ngại nhưng giá này vẫn chấp nhận được.",0,0,0,0,0,0,0,0,0,0,1,0,1,0,0,0
"Lần đầu mua Shop gói mũ lưỡi trai cẩn thận, nhận hàng xong mình tin tưởng hơn nhiều",0,1,0,0,0,0,0,0,0,0,0,0,0,0,1,0
"Mình đặt thử Đang chờ dùng cáp chuyển đổi type C lâu hơn, hiện tại thấy ổn nhưng vẫn hơi lo độ bền á.",0,0,0,0,0,0,0,1,0,1,0,0,0,0,0,0
"Bạn mình nhận xét Giao kẹp giấy màu trễ hơn hẹn làm mình sốt ruột, nhận được rồi vẫn hơi bực và mình đã quay clip mở hàng.",0,0,0,0,0,0,1,0,0,1,1,0,0,0,0,0
"Mẹ mình bảo Mở máy xay sinh tố cầm tay ra thấy mùi nhựa nồng, cảm giác khó chịu và không muốn dùng ngay và mình đã quay clip mở hàng.",0,0,0,0,0,1,0,0,0,0,1,0,0,0,0,0
Mình lo bánh ăn vặt rong biển không phải hàng chuẩn vì tem nhãn in khá mờ,0,0,1,0,0,0,0,0,0,1,0,0,0,0,0,0
"Săn mã giảm giá xong Mua quạt mini để bàn làm quà mà người nhận khen liên tục, mình thấy tự hào vì chọn đúng đóng gói nhìn khá gọn.",1,1,0,0,0,0,0,0,1,0,0,1,0,0,0,1
"Ban đầu mình sợ túi đeo chéo không hợp, dùng thử rồi thấy ổn hơn tưởng nên chắc mình sẽ theo dõi thêm.",0,1,1,1,0,0,0,0,0,1,0,0,0,0,1,0
"Bạn mình nhận xét Ban đầu mình sợ bình tưới cây không hợp, dùng thử rồi thấy ổn hơn tưởng mong shop giữ chất lượng như vậy.",0,1,1,1,0,0,0,0,0,1,0,0,0,0,1,0
"Bạn mình nhận xét ngũ cốc granola bị bám bụi trong hộp, nhìn mất cảm tình và hơi ghê nên chắc mình sẽ theo dõi thêm.",0,0,0,0,0,1,1,0,0,0,1,0,0,0,0,0
"Mình đặt thử móc treo quần áo đẹp nhưng giao hơi lâu, cảm xúc của mình bị tụt một chút luôn.",1,0,0,0,1,0,0,0,0,1,1,0,0,0,0,0
"Giao băng gạc cá nhân trễ hơn hẹn làm mình sốt ruột, nhận được rồi vẫn hơi bực nên chắc mình sẽ theo dõi thêm.",0,0,0,0,0,0,1,0,0,1,1,0,0,0,0,0
"Mình đặt thử Màu của hạt dinh dưỡng mix lệch với ảnh, mình hụt hẫng vì đã chọn rất kỹ nên chắc mình sẽ theo dõi thêm.",0,0,0,0,1,0,0,0,0,0,1,0,0,0,0,0
"Bạn mình nhận xét Dùng balo laptop vài ngày thấy ổn định, không lỗi vặt nên mình khá an tâm đóng gói nhìn khá gọn.",0,1,0,0,0,0,0,0,0,0,0,0,0,0,1,0
"Tui thấy ví mini nhận về đẹp hơn mình tưởng, dùng thử một lúc đã thấy rất hài lòng nên chắc mình sẽ theo dõi thêm.",1,1,0,1,0,0,0,0,0,0,0,0,0,0,1,1
"Tui thấy móc treo quần áo đẹp nhưng giao hơi lâu, cảm xúc của mình bị tụt một chút nên chắc mình sẽ theo dõi thêm.",1,0,0,0,1,0,0,0,0,1,1,0,0,0,0,0
"nước hoa mini về tay bị lỗi nhẹ, mình buồn vì đã chờ món này khá lâu",0,0,0,0,1,0,0,0,0,1,1,0,0,0,0,0
"Bạn mình nhận xét Đang chờ dùng sách tô màu lâu hơn, hiện tại thấy ổn nhưng vẫn hơi lo độ bền nha.",0,0,0,0,0,0,0,1,0,1,0,0,0,0,0,0
"Mình đặt thử chuột gaming khác mô tả khá nhiều, mình thất vọng vì kỳ vọng ban đầu cao á.",0,0,0,1,1,0,1,0,0,0,1,0,0,0,0,0
"Săn mã giảm giá xong Đặt bút màu nước để dùng gấp mà hàng thiếu chi tiết, mình rất khó chịu và mình đã quay clip mở hàng.",0,0,0,1,0,0,1,0,0,0,1,0,0,0,0,0
"Săn mã giảm giá xong khăn choàng mỏng khác mô tả khá nhiều, mình thất vọng vì kỳ vọng ban đầu cao",0,0,0,1,1,0,1,0,0,0,1,0,0,0,0,0
"Bạn mình nhận xét găng tay chống trơn nhận về đẹp hơn mình tưởng, dùng thử một lúc đã thấy rất hài lòng luôn.",1,1,0,1,0,0,0,0,0,0,0,0,0,0,1,1
"Bạn mình nhận xét bàn chải đánh răng điện nhìn ngoài đời kém sang hơn ảnh, đem khoe với bạn hơi ngại đóng gói nhìn khá gọn.",0,0,0,0,0,0,0,0,0,0,1,0,1,0,0,0
"Lần đầu mua bảng trắng mini giá mềm nên mình không đòi hỏi nhiều, nhìn chung dùng được nhưng giá này vẫn chấp nhận được.",0,1,0,0,0,0,0,0,0,0,0,0,0,0,1,0
"Bạn mình nhận xét nước hoa mini hợp nhu cầu của mình hơn dự đoán, dùng xong thấy nhẹ nhõm và vui",1,1,0,1,0,0,0,0,1,0,0,0,0,0,1,1
"Săn mã giảm giá xong Mua khẩu trang y tế làm quà mà người nhận khen liên tục, mình thấy tự hào vì chọn đúng đóng gói nhìn khá gọn.",1,1,0,0,0,0,0,0,1,0,0,1,0,0,0,1
"Lần đầu mua Mua đèn ngủ hình thú về bị người nhà chê màu, mình hơi quê nhưng chất lượng không tệ và mình đã quay clip mở hàng.",0,0,0,0,0,0,0,0,0,0,1,0,1,0,0,0
"Săn mã giảm giá xong Giao cáp chuyển đổi type C trễ hơn hẹn làm mình sốt ruột, nhận được rồi vẫn hơi bực luôn.",0,0,0,0,0,0,1,0,0,1,1,0,0,0,0,0
"Mình đặt thử Giao mền mỏng mùa hè trễ hơn hẹn làm mình sốt ruột, nhận được rồi vẫn hơi bực nhưng giá này vẫn chấp nhận được.",0,0,0,0,0,0,1,0,0,1,1,0,0,0,0,0
"Bạn mình nhận xét Đặt áo yếm cho bé lần này quá đáng tiền, giao đúng món và đóng gói sạch sẽ nên chắc mình sẽ theo dõi thêm.",1,1,0,0,0,0,0,0,0,0,0,1,0,0,0,0
"Mẹ mình bảo Dùng miếng dán giữ nhiệt vài ngày thấy ổn định, không lỗi vặt nên mình khá an tâm nha.",0,1,0,0,0,0,0,0,0,0,0,0,0,0,1,0
"Lần đầu mua khăn choàng mỏng dùng tạm được nhưng hoàn thiện ẩu, càng nhìn càng thấy bực luôn.",0,0,0,0,0,0,1,0,0,0,1,0,0,0,0,0
"Tui thấy áo yếm cho bé dùng tạm được nhưng hoàn thiện ẩu, càng nhìn càng thấy bực và mình đã quay clip mở hàng.",0,0,0,0,0,0,1,0,0,0,1,0,0,0,0,0
"Săn mã giảm giá xong Đang chờ dùng băng gạc cá nhân lâu hơn, hiện tại thấy ổn nhưng vẫn hơi lo độ bền nha.",0,0,0,0,0,0,0,1,0,1,0,0,0,0,0,0
"Tui thấy ruột gối nằm hợp nhu cầu của mình hơn dự đoán, dùng xong thấy nhẹ nhõm và vui nên chắc mình sẽ theo dõi thêm.",1,1,0,1,0,0,0,0,1,0,0,0,0,0,1,1
"Mình đặt thử Mua khăn lau bếp làm quà mà người nhận khen liên tục, mình thấy tự hào vì chọn đúng nha.",1,1,0,0,0,0,0,0,1,0,0,1,0,0,0,1
"Săn mã giảm giá xong Mua khăn choàng mỏng làm quà mà người nhận khen liên tục, mình thấy tự hào vì chọn đúng mong shop giữ chất lượng như vậy.",1,1,0,0,0,0,0,0,1,0,0,1,0,0,0,1
"Mình đặt thử khung treo ảnh đẹp nhưng giao hơi lâu, cảm xúc của mình bị tụt một chút đóng gói nhìn khá gọn.",1,0,0,0,1,0,0,0,0,1,1,0,0,0,0,0
"Mình đặt thử Ban đầu mình sợ chậu cây để bàn không hợp, dùng thử rồi thấy ổn hơn tưởng đóng gói nhìn khá gọn.",0,1,1,1,0,0,0,0,0,1,0,0,0,0,1,0
"Lần đầu mua khẩu trang y tế làm mình bất ngờ vì nhỏ gọn hơn nghĩ, cần dùng thêm mới đánh giá chắc và mình đã quay clip mở hàng.",0,1,0,1,0,0,0,1,0,0,0,0,0,0,1,1
"quạt mini để bàn bị bám bụi trong hộp, nhìn mất cảm tình và hơi ghê mong shop giữ chất lượng như vậy.",0,0,0,0,0,1,1,0,0,0,1,0,0,0,0,0
"Mẹ mình bảo bình tưới cây có điểm ổn nhưng vài chi tiết chưa như mong đợi, mình vừa vui vừa tiếc nên chắc mình sẽ theo dõi thêm.",1,0,0,0,1,0,0,0,0,0,1,0,0,0,0,0
"Mẹ mình bảo Mình mở hạt dinh dưỡng mix ra là thích ngay, chất liệu ổn và cảm giác dùng khá yên tâm lần sau chắc mình sẽ cân nhắc kỹ hơn.",1,1,0,0,0,0,0,0,1,0,0,0,0,0,1,0
"Bạn mình nhận xét khăn choàng mỏng đơn giản nhưng hiệu quả, dùng lên thấy dễ chịu và bình tĩnh hơn mong shop giữ chất lượng như vậy.",0,1,0,0,0,0,0,0,0,0,0,0,0,0,1,0
"Mẹ mình bảo Mình mở giày sandal ra là thích ngay, chất liệu ổn và cảm giác dùng khá yên tâm nên chắc mình sẽ theo dõi thêm.",1,1,0,0,0,0,0,0,1,0,0,0,0,0,1,0
"Săn mã giảm giá xong khăn choàng mỏng có điểm ổn nhưng vài chi tiết chưa như mong đợi, mình vừa vui vừa tiếc luôn.",1,0,0,0,1,0,0,0,0,0,1,0,0,0,0,0
Mình đặt thử Mình lo cà phê rang xay không phải hàng chuẩn vì tem nhãn in khá mờ nhưng giá này vẫn chấp nhận được.,0,0,1,0,0,0,0,0,0,1,0,0,0,0,0,0
"Mình đặt thử khung treo ảnh nhìn ngoài đời kém sang hơn ảnh, đem khoe với bạn hơi ngại",0,0,0,0,0,0,0,0,0,0,1,0,1,0,0,0
"Săn mã giảm giá xong chậu cây để bàn có lỗi nhỏ nhưng shop phản hồi lịch sự, mình bớt khó chịu hơn đóng gói nhìn khá gọn.",0,1,0,0,0,0,1,0,0,0,1,0,0,0,1,0
"Mình đặt thử bình lọc nước về tay bị lỗi nhẹ, mình buồn vì đã chờ món này khá lâu mong shop giữ chất lượng như vậy.",0,0,0,0,1,0,0,0,0,1,1,0,0,0,0,0
"Shop gói bút màu nước cẩn thận, nhận hàng xong mình tin tưởng hơn nhiều mong shop giữ chất lượng như vậy.",0,1,0,0,0,0,0,0,0,0,0,0,0,0,1,0
"Săn mã giảm giá xong Nhìn bạn mua tai nghe chụp tai màu khác đẹp hơn mình hơi ghen, nhưng món của mình vẫn dùng ổn và mình đã quay clip mở hàng.",1,0,0,0,0,0,0,0,0,0,0,0,0,1,0,1
"Lần đầu mua ốp điện thoại trong suốt dùng tạm được nhưng hoàn thiện ẩu, càng nhìn càng thấy bực nha.",0,0,0,0,0,0,1,0,0,0,1,0,0,0,0,0
"Lần đầu mua Dùng balo laptop vài ngày thấy ổn định, không lỗi vặt nên mình khá an tâm mong shop giữ chất lượng như vậy.",0,1,0,0,0,0,0,0,0,0,0,0,0,0,1,0
"Mình đặt thử bình tưới cây dùng tạm được nhưng hoàn thiện ẩu, càng nhìn càng thấy bực đóng gói nhìn khá gọn.",0,0,0,0,0,0,1,0,0,0,1,0,0,0,0,0
"Mẹ mình bảo Mở máy xay sinh tố cầm tay ra thấy mùi nhựa nồng, cảm giác khó chịu và không muốn dùng ngay nên chắc mình sẽ theo dõi thêm.",0,0,0,0,0,1,0,0,0,0,1,0,0,0,0,0
"Săn mã giảm giá xong Giao giá sách để bàn trễ hơn hẹn làm mình sốt ruột, nhận được rồi vẫn hơi bực và mình đã quay clip mở hàng.",0,0,0,0,0,0,1,0,0,1,1,0,0,0,0,0
"Săn mã giảm giá xong Mình mở bánh gạo lứt ra là thích ngay, chất liệu ổn và cảm giác dùng khá yên tâm và mình đã quay clip mở hàng.",1,1,0,0,0,0,0,0,1,0,0,0,0,0,1,0
"mũ lưỡi trai về tay bị lỗi nhẹ, mình buồn vì đã chờ món này khá lâu lần sau chắc mình sẽ cân nhắc kỹ hơn.",0,0,0,0,1,0,0,0,0,1,1,0,0,0,0,0
"Mẹ mình bảo giá sách để bàn đơn giản nhưng hiệu quả, dùng lên thấy dễ chịu và bình tĩnh hơn đóng gói nhìn khá gọn.",0,1,0,0,0,0,0,0,0,0,0,0,0,0,1,0
"quạt mini để bàn về tay bị lỗi nhẹ, mình buồn vì đã chờ món này khá lâu đóng gói nhìn khá gọn.",0,0,0,0,1,0,0,0,0,1,1,0,0,0,0,0
"Mẹ mình bảo đèn bàn kẹp cạnh có lỗi nhỏ nhưng shop phản hồi lịch sự, mình bớt khó chịu hơn nên chắc mình sẽ theo dõi thêm.",0,1,0,0,0,0,1,0,0,0,1,0,0,0,1,0
"Mình đặt thử Shop gói hộp đựng bút cẩn thận, nhận hàng xong mình tin tưởng hơn nhiều luôn.",0,1,0,0,0,0,0,0,0,0,0,0,0,0,1,0
"Bạn mình nhận xét Đặt lược massage da đầu để dùng gấp mà hàng thiếu chi tiết, mình rất khó chịu và mình đã quay clip mở hàng.",0,0,0,1,0,0,1,0,0,0,1,0,0,0,0,0
"Lần đầu mua Ban đầu mình sợ chuột gaming không hợp, dùng thử rồi thấy ổn hơn tưởng lần sau chắc mình sẽ cân nhắc kỹ hơn.",0,1,1,1,0,0,0,0,0,1,0,0,0,0,1,0
"Lần đầu mua cáp chuyển đổi type C có điểm ổn nhưng vài chi tiết chưa như mong đợi, mình vừa vui vừa tiếc nhưng giá này vẫn chấp nhận được.",1,0,0,0,1,0,0,0,0,0,1,0,0,0,0,0
"Mở bình uống nước trẻ em ra thấy mùi nhựa nồng, cảm giác khó chịu và không muốn dùng ngay và mình đã quay clip mở hàng.",0,0,0,0,0,1,0,0,0,0,1,0,0,0,0,0
"Tui thấy Mua lược massage da đầu làm quà mà người nhận khen liên tục, mình thấy tự hào vì chọn đúng và mình đã quay clip mở hàng.",1,1,0,0,0,0,0,0,1,0,0,1,0,0,0,1
"Tui thấy đồ chơi xếp hình nhìn ngoài đời xinh hơn hình, mình phấn khích muốn dùng ngay nha.",1,1,0,1,0,0,0,1,0,0,0,0,0,0,0,1
"Mẹ mình bảo Đặt quạt mini để bàn lần này quá đáng tiền, giao đúng món và đóng gói sạch sẽ luôn.",1,1,0,0,0,0,0,0,0,0,0,1,0,0,0,0
"Mình đặt thử bút màu nước đẹp nhưng giao hơi lâu, cảm xúc của mình bị tụt một chút lần sau chắc mình sẽ cân nhắc kỹ hơn.",1,0,0,0,1,0,0,0,0,1,1,0,0,0,0,0
"Mẹ mình bảo Ban đầu mình sợ giày sandal không hợp, dùng thử rồi thấy ổn hơn tưởng đóng gói nhìn khá gọn.",0,1,1,1,0,0,0,0,0,1,0,0,0,0,1,0
Bạn mình nhận xét Mình lo chuột gaming không phải hàng chuẩn vì tem nhãn in khá mờ nha.,0,0,1,0,0,0,0,0,0,1,0,0,0,0,0,0
"Săn mã giảm giá xong Mua máy xay sinh tố cầm tay làm quà mà người nhận khen liên tục, mình thấy tự hào vì chọn đúng đóng gói nhìn khá gọn.",1,1,0,0,0,0,0,0,1,0,0,1,0,0,0,1
"Bạn mình nhận xét Đang chờ dùng ấm siêu tốc lâu hơn, hiện tại thấy ổn nhưng vẫn hơi lo độ bền",0,0,0,0,0,0,0,1,0,1,0,0,0,0,0,0
"Lần đầu mua Mở áo choàng tắm ra thấy mùi nhựa nồng, cảm giác khó chịu và không muốn dùng ngay á.",0,0,0,0,0,1,0,0,0,0,1,0,0,0,0,0
Mẹ mình bảo Mình lo bình tưới cây không phải hàng chuẩn vì tem nhãn in khá mờ mong shop giữ chất lượng như vậy.,0,0,1,0,0,0,0,0,0,1,0,0,0,0,0,0
"Tui thấy Đặt bộ ga gối để dùng gấp mà hàng thiếu chi tiết, mình rất khó chịu nên chắc mình sẽ theo dõi thêm.",0,0,0,1,0,0,1,0,0,0,1,0,0,0,0,0
"Săn mã giảm giá xong Mình háo hức mở hộp quà giấy, kết quả ổn thôi chứ chưa quá xuất sắc á.",1,0,0,0,0,0,0,1,0,0,1,0,0,0,0,1
"Mình đặt thử Ban đầu mình sợ bìa hồ sơ nhựa không hợp, dùng thử rồi thấy ổn hơn tưởng mong shop giữ chất lượng như vậy.",0,1,1,1,0,0,0,0,0,1,0,0,0,0,1,0
"Mẹ mình bảo khung treo ảnh đẹp nhưng giao hơi lâu, cảm xúc của mình bị tụt một chút nhưng giá này vẫn chấp nhận được.",1,0,0,0,1,0,0,0,0,1,1,0,0,0,0,0
"Bạn mình nhận xét bút màu nước dùng tạm được nhưng hoàn thiện ẩu, càng nhìn càng thấy bực nha.",0,0,0,0,0,0,1,0,0,0,1,0,0,0,0,0
"Mình đặt thử Nhìn bạn mua khăn lau bếp màu khác đẹp hơn mình hơi ghen, nhưng món của mình vẫn dùng ổn nha.",1,0,0,0,0,0,0,0,0,0,0,0,0,1,0,1
"Lần đầu mua Mình mở nến thơm ra là thích ngay, chất liệu ổn và cảm giác dùng khá yên tâm mong shop giữ chất lượng như vậy.",1,1,0,0,0,0,0,0,1,0,0,0,0,0,1,0
"Đặt bìa hồ sơ nhựa để dùng gấp mà hàng thiếu chi tiết, mình rất khó chịu lần sau chắc mình sẽ cân nhắc kỹ hơn.",0,0,0,1,0,0,1,0,0,0,1,0,0,0,0,0
"webcam học online đơn giản nhưng hiệu quả, dùng lên thấy dễ chịu và bình tĩnh hơn nha.",0,1,0,0,0,0,0,0,0,0,0,0,0,0,1,0
"Mình đặt thử sữa rửa mặt dịu nhẹ bị bám bụi trong hộp, nhìn mất cảm tình và hơi ghê nha.",0,0,0,0,0,1,1,0,0,0,1,0,0,0,0,0
"Tui thấy Đặt găng tay chống trơn lần này quá đáng tiền, giao đúng món và đóng gói sạch sẽ mong shop giữ chất lượng như vậy.",1,1,0,0,0,0,0,0,0,0,0,1,0,0,0,0
"băng gạc cá nhân có lỗi nhỏ nhưng shop phản hồi lịch sự, mình bớt khó chịu hơn nhưng giá này vẫn chấp nhận được.",0,1,0,0,0,0,1,0,0,0,1,0,0,0,1,0
"Mình đặt thử túi đeo chéo khác mô tả khá nhiều, mình thất vọng vì kỳ vọng ban đầu cao và mình đã quay clip mở hàng.",0,0,0,1,1,0,1,0,0,0,1,0,0,0,0,0
"ruột gối nằm khác mô tả khá nhiều, mình thất vọng vì kỳ vọng ban đầu cao và mình đã quay clip mở hàng.",0,0,0,1,1,0,1,0,0,0,1,0,0,0,0,0
"Mẹ mình bảo kệ góc phòng tắm nhận về đẹp hơn mình tưởng, dùng thử một lúc đã thấy rất hài lòng luôn.",1,1,0,1,0,0,0,0,0,0,0,0,0,0,1,1
"Tui thấy Nhìn bạn mua túi chườm lạnh màu khác đẹp hơn mình hơi ghen, nhưng món của mình vẫn dùng ổn nha.",1,0,0,0,0,0,0,0,0,0,0,0,0,1,0,1
"Săn mã giảm giá xong giày sandal đơn giản nhưng hiệu quả, dùng lên thấy dễ chịu và bình tĩnh hơn mong shop giữ chất lượng như vậy.",0,1,0,0,0,0,0,0,0,0,0,0,0,0,1,0
"Lần đầu mua miếng kê cổ tay đẹp nhưng giao hơi lâu, cảm xúc của mình bị tụt một chút mong shop giữ chất lượng như vậy.",1,0,0,0,1,0,0,0,0,1,1,0,0,0,0,0
Mình lo chậu cây để bàn không phải hàng chuẩn vì tem nhãn in khá mờ luôn.,0,0,1,0,0,0,0,0,0,1,0,0,0,0,0,0
"Tui thấy Canh sale mua được váy midi giá tốt, cảm giác lời thật sự nha.",1,0,0,0,0,0,0,0,0,0,0,1,0,0,0,1
"Mình đặt thử Đang chờ dùng lược chải chó mèo lâu hơn, hiện tại thấy ổn nhưng vẫn hơi lo độ bền lần sau chắc mình sẽ cân nhắc kỹ hơn.",0,0,0,0,0,0,0,1,0,1,0,0,0,0,0,0
"Săn mã giảm giá xong vớ cổ cao hợp nhu cầu của mình hơn dự đoán, dùng xong thấy nhẹ nhõm và vui nên chắc mình sẽ theo dõi thêm.",1,1,0,1,0,0,0,0,1,0,0,0,0,0,1,1
"ruột gối nằm đơn giản nhưng hiệu quả, dùng lên thấy dễ chịu và bình tĩnh hơn",0,1,0,0,0,0,0,0,0,0,0,0,0,0,1,0
"Lần đầu mua Giao ruột gối nằm trễ hơn hẹn làm mình sốt ruột, nhận được rồi vẫn hơi bực đóng gói nhìn khá gọn.",0,0,0,0,0,0,1,0,0,1,1,0,0,0,0,0
"Đặt đèn ngủ hình thú lần này quá đáng tiền, giao đúng món và đóng gói sạch sẽ mong shop giữ chất lượng như vậy.",1,1,0,0,0,0,0,0,0,0,0,1,0,0,0,0
"Đặt bánh gạo lứt để dùng gấp mà hàng thiếu chi tiết, mình rất khó chịu lần sau chắc mình sẽ cân nhắc kỹ hơn.",0,0,0,1,0,0,1,0,0,0,1,0,0,0,0,0
"Lần đầu mua Dùng trà đào túi lọc vài ngày thấy ổn định, không lỗi vặt nên mình khá an tâm nha.",0,1,0,0,0,0,0,0,0,0,0,0,0,0,1,0
"Giao nước hoa mini trễ hơn hẹn làm mình sốt ruột, nhận được rồi vẫn hơi bực đóng gói nhìn khá gọn.",0,0,0,0,0,0,1,0,0,1,1,0,0,0,0,0
"Mình đặt thử Dùng sổ ghi chú vài ngày thấy ổn định, không lỗi vặt nên mình khá an tâm nhưng giá này vẫn chấp nhận được.",0,1,0,0,0,0,0,0,0,0,0,0,0,0,1,0
"Lần đầu mua Ban đầu mình sợ bộ muỗng nĩa inox không hợp, dùng thử rồi thấy ổn hơn tưởng luôn.",0,1,1,1,0,0,0,0,0,1,0,0,0,0,1,0
"Mở áo yếm cho bé ra thấy mùi nhựa nồng, cảm giác khó chịu và không muốn dùng ngay lần sau chắc mình sẽ cân nhắc kỹ hơn.",0,0,0,0,0,1,0,0,0,0,1,0,0,0,0,0
"Săn mã giảm giá xong bát ăn cho mèo dùng tạm được nhưng hoàn thiện ẩu, càng nhìn càng thấy bực lần sau chắc mình sẽ cân nhắc kỹ hơn.",0,0,0,0,0,0,1,0,0,0,1,0,0,0,0,0
"Bạn mình nhận xét lược chải chó mèo nhận về đẹp hơn mình tưởng, dùng thử một lúc đã thấy rất hài lòng mong shop giữ chất lượng như vậy.",1,1,0,1,0,0,0,0,0,0,0,0,0,0,1,1
"Bạn mình nhận xét balo laptop có điểm ổn nhưng vài chi tiết chưa như mong đợi, mình vừa vui vừa tiếc và mình đã quay clip mở hàng.",1,0,0,0,1,0,0,0,0,0,1,0,0,0,0,0
"Đang chờ dùng nến thơm lâu hơn, hiện tại thấy ổn nhưng vẫn hơi lo độ bền và mình đã quay clip mở hàng.",0,0,0,0,0,0,0,1,0,1,0,0,0,0,0,0
"Tui thấy Mở mũ lưỡi trai ra thấy mùi nhựa nồng, cảm giác khó chịu và không muốn dùng ngay luôn.",0,0,0,0,0,1,0,0,0,0,1,0,0,0,0,0
"Săn mã giảm giá xong Đang chờ dùng mật ong chai nhỏ lâu hơn, hiện tại thấy ổn nhưng vẫn hơi lo độ bền và mình đã quay clip mở hàng.",0,0,0,0,0,0,0,1,0,1,0,0,0,0,0,0
"Mẹ mình bảo Mình mở miếng kê cổ tay ra là thích ngay, chất liệu ổn và cảm giác dùng khá yên tâm lần sau chắc mình sẽ cân nhắc kỹ hơn.",1,1,0,0,0,0,0,0,1,0,0,0,0,0,1,0
"Lần đầu mua Mua miếng dán giữ nhiệt về bị người nhà chê màu, mình hơi quê nhưng chất lượng không tệ nha.",0,0,0,0,0,0,0,0,0,0,1,0,1,0,0,0
"Bạn mình nhận xét khung treo ảnh giá mềm nên mình không đòi hỏi nhiều, nhìn chung dùng được nha.",0,1,0,0,0,0,0,0,0,0,0,0,0,0,1,0
"Lần đầu mua Đặt miếng kê cổ tay lần này quá đáng tiền, giao đúng món và đóng gói sạch sẽ mong shop giữ chất lượng như vậy.",1,1,0,0,0,0,0,0,0,0,0,1,0,0,0,0
"Tui thấy giày sandal đơn giản nhưng hiệu quả, dùng lên thấy dễ chịu và bình tĩnh hơn",0,1,0,0,0,0,0,0,0,0,0,0,0,0,1,0
"Mình háo hức mở khăn lau bếp, kết quả ổn thôi chứ chưa quá xuất sắc và mình đã quay clip mở hàng.",1,0,0,0,0,0,0,1,0,0,1,0,0,0,0,1
"Bạn mình nhận xét lược massage da đầu dùng tạm được nhưng hoàn thiện ẩu, càng nhìn càng thấy bực lần sau chắc mình sẽ cân nhắc kỹ hơn.",0,0,0,0,0,0,1,0,0,0,1,0,0,0,0,0
"Canh sale mua được hộp quà giấy giá tốt, cảm giác lời thật sự á.",1,0,0,0,0,0,0,0,0,0,0,1,0,0,0,1
"Săn mã giảm giá xong Mở son dưỡng môi ra thấy mùi nhựa nồng, cảm giác khó chịu và không muốn dùng ngay",0,0,0,0,0,1,0,0,0,0,1,0,0,0,0,0
"Canh sale mua được túi chườm lạnh giá tốt, cảm giác lời thật sự và mình đã quay clip mở hàng.",1,0,0,0,0,0,0,0,0,0,0,1,0,0,0,1
"Bạn mình nhận xét Mình háo hức mở găng tay chống trơn, kết quả ổn thôi chứ chưa quá xuất sắc mong shop giữ chất lượng như vậy.",1,0,0,0,0,0,0,1,0,0,1,0,0,0,0,1
"Tui thấy giá sách để bàn về tay bị lỗi nhẹ, mình buồn vì đã chờ món này khá lâu mong shop giữ chất lượng như vậy.",0,0,0,0,1,0,0,0,0,1,1,0,0,0,0,0
"Săn mã giảm giá xong Mở sách tô màu ra thấy mùi nhựa nồng, cảm giác khó chịu và không muốn dùng ngay lần sau chắc mình sẽ cân nhắc kỹ hơn.",0,0,0,0,0,1,0,0,0,0,1,0,0,0,0,0
"Nhìn bạn mua sữa rửa mặt dịu nhẹ màu khác đẹp hơn mình hơi ghen, nhưng món của mình vẫn dùng ổn nhưng giá này vẫn chấp nhận được.",1,0,0,0,0,0,0,0,0,0,0,0,0,1,0,1
"Mình đặt thử Giao ốp điện thoại trong suốt trễ hơn hẹn làm mình sốt ruột, nhận được rồi vẫn hơi bực nha.",0,0,0,0,0,0,1,0,0,1,1,0,0,0,0,0
"Mẹ mình bảo bát ăn cho mèo đơn giản nhưng hiệu quả, dùng lên thấy dễ chịu và bình tĩnh hơn luôn.",0,1,0,0,0,0,0,0,0,0,0,0,0,0,1,0
"Lần đầu mua ốp điện thoại trong suốt về tay bị lỗi nhẹ, mình buồn vì đã chờ món này khá lâu nên chắc mình sẽ theo dõi thêm.",0,0,0,0,1,0,0,0,0,1,1,0,0,0,0,0
"Mình đặt thử lược massage da đầu bị bám bụi trong hộp, nhìn mất cảm tình và hơi ghê nhưng giá này vẫn chấp nhận được.",0,0,0,0,0,1,1,0,0,0,1,0,0,0,0,0
"Bạn mình nhận xét ấm siêu tốc giá mềm nên mình không đòi hỏi nhiều, nhìn chung dùng được và mình đã quay clip mở hàng.",0,1,0,0,0,0,0,0,0,0,0,0,0,0,1,0
"Lần đầu mua Mình mở chậu cây để bàn ra là thích ngay, chất liệu ổn và cảm giác dùng khá yên tâm và mình đã quay clip mở hàng.",1,1,0,0,0,0,0,0,1,0,0,0,0,0,1,0
"Lần đầu mua Ban đầu mình sợ khăn choàng mỏng không hợp, dùng thử rồi thấy ổn hơn tưởng nhưng giá này vẫn chấp nhận được.",0,1,1,1,0,0,0,0,0,1,0,0,0,0,1,0
"Săn mã giảm giá xong bút highlight dùng tạm được nhưng hoàn thiện ẩu, càng nhìn càng thấy bực nha.",0,0,0,0,0,0,1,0,0,0,1,0,0,0,0,0
"Săn mã giảm giá xong Shop gói áo khoác chống nắng cẩn thận, nhận hàng xong mình tin tưởng hơn nhiều đóng gói nhìn khá gọn.",0,1,0,0,0,0,0,0,0,0,0,0,0,0,1,0
"Tui thấy Mình mở bình tưới cây ra là thích ngay, chất liệu ổn và cảm giác dùng khá yên tâm luôn.",1,1,0,0,0,0,0,0,1,0,0,0,0,0,1,0
"Lần đầu mua ruột gối nằm đẹp nhưng giao hơi lâu, cảm xúc của mình bị tụt một chút và mình đã quay clip mở hàng.",1,0,0,0,1,0,0,0,0,1,1,0,0,0,0,0
"Mình đặt thử bút highlight khác mô tả khá nhiều, mình thất vọng vì kỳ vọng ban đầu cao",0,0,0,1,1,0,1,0,0,0,1,0,0,0,0,0
"Lần đầu mua Shop gói ngũ cốc granola cẩn thận, nhận hàng xong mình tin tưởng hơn nhiều mong shop giữ chất lượng như vậy.",0,1,0,0,0,0,0,0,0,0,0,0,0,0,1,0
"Bạn mình nhận xét Mở bìa hồ sơ nhựa ra thấy mùi nhựa nồng, cảm giác khó chịu và không muốn dùng ngay luôn.",0,0,0,0,0,1,0,0,0,0,1,0,0,0,0,0
"Mình đặt thử Shop gói trà đào túi lọc cẩn thận, nhận hàng xong mình tin tưởng hơn nhiều và mình đã quay clip mở hàng.",0,1,0,0,0,0,0,0,0,0,0,0,0,0,1,0
"Lần đầu mua hộp đựng bút về tay bị lỗi nhẹ, mình buồn vì đã chờ món này khá lâu nên chắc mình sẽ theo dõi thêm.",0,0,0,0,1,0,0,0,0,1,1,0,0,0,0,0
"mền mỏng mùa hè hợp nhu cầu của mình hơn dự đoán, dùng xong thấy nhẹ nhõm và vui nha.",1,1,0,1,0,0,0,0,1,0,0,0,0,0,1,1
"Bạn mình nhận xét sách tô màu dùng tạm được nhưng hoàn thiện ẩu, càng nhìn càng thấy bực lần sau chắc mình sẽ cân nhắc kỹ hơn.",0,0,0,0,0,0,1,0,0,0,1,0,0,0,0,0
"Săn mã giảm giá xong Canh sale mua được webcam học online giá tốt, cảm giác lời thật sự nên chắc mình sẽ theo dõi thêm.",1,0,0,0,0,0,0,0,0,0,0,1,0,0,0,1
"Mình đặt thử chậu cây để bàn nhìn ngoài đời xinh hơn hình, mình phấn khích muốn dùng ngay nên chắc mình sẽ theo dõi thêm.",1,1,0,1,0,0,0,1,0,0,0,0,0,0,0,1
"đồ chơi xếp hình nhìn ngoài đời xinh hơn hình, mình phấn khích muốn dùng ngay nha.",1,1,0,1,0,0,0,1,0,0,0,0,0,0,0,1
"Tui thấy khăn choàng mỏng bị bám bụi trong hộp, nhìn mất cảm tình và hơi ghê mong shop giữ chất lượng như vậy.",0,0,0,0,0,1,1,0,0,0,1,0,0,0,0,0
"Lần đầu mua Nhìn bạn mua cáp chuyển đổi type C màu khác đẹp hơn mình hơi ghen, nhưng món của mình vẫn dùng ổn và mình đã quay clip mở hàng.",1,0,0,0,0,0,0,0,0,0,0,0,0,1,0,1
"băng gạc cá nhân giá mềm nên mình không đòi hỏi nhiều, nhìn chung dùng được lần sau chắc mình sẽ cân nhắc kỹ hơn.",0,1,0,0,0,0,0,0,0,0,0,0,0,0,1,0
"Mẹ mình bảo bát ăn cho mèo đơn giản nhưng hiệu quả, dùng lên thấy dễ chịu và bình tĩnh hơn nha.",0,1,0,0,0,0,0,0,0,0,0,0,0,0,1,0
"Mẹ mình bảo Nhìn bạn mua hộp đựng thực phẩm màu khác đẹp hơn mình hơi ghen, nhưng món của mình vẫn dùng ổn lần sau chắc mình sẽ cân nhắc kỹ hơn.",1,0,0,0,0,0,0,0,0,0,0,0,0,1,0,1
"Tui thấy kệ góc phòng tắm hợp nhu cầu của mình hơn dự đoán, dùng xong thấy nhẹ nhõm và vui nha.",1,1,0,1,0,0,0,0,1,0,0,0,0,0,1,1
"Bạn mình nhận xét Nhìn bạn mua ruột gối nằm màu khác đẹp hơn mình hơi ghen, nhưng món của mình vẫn dùng ổn",1,0,0,0,0,0,0,0,0,0,0,0,0,1,0,1
"Mình đặt thử Đặt bút highlight để dùng gấp mà hàng thiếu chi tiết, mình rất khó chịu và mình đã quay clip mở hàng.",0,0,0,1,0,0,1,0,0,0,1,0,0,0,0,0
"Mình đặt thử Nhìn bạn mua khung treo ảnh màu khác đẹp hơn mình hơi ghen, nhưng món của mình vẫn dùng ổn nha.",1,0,0,0,0,0,0,0,0,0,0,0,0,1,0,1
"Mình háo hức mở cà phê rang xay, kết quả ổn thôi chứ chưa quá xuất sắc luôn.",1,0,0,0,0,0,0,1,0,0,1,0,0,0,0,1
"Lần đầu mua lược massage da đầu khác mô tả khá nhiều, mình thất vọng vì kỳ vọng ban đầu cao mong shop giữ chất lượng như vậy.",0,0,0,1,1,0,1,0,0,0,1,0,0,0,0,0
"Săn mã giảm giá xong Giao áo yếm cho bé trễ hơn hẹn làm mình sốt ruột, nhận được rồi vẫn hơi bực nhưng giá này vẫn chấp nhận được.",0,0,0,0,0,0,1,0,0,1,1,0,0,0,0,0
"Tui thấy Đặt trà đào túi lọc lần này quá đáng tiền, giao đúng món và đóng gói sạch sẽ và mình đã quay clip mở hàng.",1,1,0,0,0,0,0,0,0,0,0,1,0,0,0,0
"Bạn mình nhận xét khăn choàng mỏng bị bám bụi trong hộp, nhìn mất cảm tình và hơi ghê lần sau chắc mình sẽ cân nhắc kỹ hơn.",0,0,0,0,0,1,1,0,0,0,1,0,0,0,0,0
"Săn mã giảm giá xong Shop gói băng gạc cá nhân cẩn thận, nhận hàng xong mình tin tưởng hơn nhiều lần sau chắc mình sẽ cân nhắc kỹ hơn.",0,1,0,0,0,0,0,0,0,0,0,0,0,0,1,0
"Săn mã giảm giá xong Mua hạt dinh dưỡng mix làm quà mà người nhận khen liên tục, mình thấy tự hào vì chọn đúng nha.",1,1,0,0,0,0,0,0,1,0,0,1,0,0,0,1
"Săn mã giảm giá xong găng tay chống trơn dùng tạm được nhưng hoàn thiện ẩu, càng nhìn càng thấy bực",0,0,0,0,0,0,1,0,0,0,1,0,0,0,0,0
"Tui thấy webcam học online dùng tạm được nhưng hoàn thiện ẩu, càng nhìn càng thấy bực nên chắc mình sẽ theo dõi thêm.",0,0,0,0,0,0,1,0,0,0,1,0,0,0,0,0
"Mẹ mình bảo Mua ấm siêu tốc làm quà mà người nhận khen liên tục, mình thấy tự hào vì chọn đúng á.",1,1,0,0,0,0,0,0,1,0,0,1,0,0,0,1
"Mẹ mình bảo băng gạc cá nhân dùng tạm được nhưng hoàn thiện ẩu, càng nhìn càng thấy bực luôn.",0,0,0,0,0,0,1,0,0,0,1,0,0,0,0,0
"Lần đầu mua nến thơm nhìn ngoài đời xinh hơn hình, mình phấn khích muốn dùng ngay lần sau chắc mình sẽ cân nhắc kỹ hơn.",1,1,0,1,0,0,0,1,0,0,0,0,0,0,0,1
"Lần đầu mua Shop gói kem dưỡng tay cẩn thận, nhận hàng xong mình tin tưởng hơn nhiều nên chắc mình sẽ theo dõi thêm.",0,1,0,0,0,0,0,0,0,0,0,0,0,0,1,0
"Đặt cà phê rang xay để dùng gấp mà hàng thiếu chi tiết, mình rất khó chịu lần sau chắc mình sẽ cân nhắc kỹ hơn.",0,0,0,1,0,0,1,0,0,0,1,0,0,0,0,0
"Mình đặt thử ấm siêu tốc nhìn ngoài đời kém sang hơn ảnh, đem khoe với bạn hơi ngại nha.",0,0,0,0,0,0,0,0,0,0,1,0,1,0,0,0
"Mình đặt thử Ban đầu mình sợ ấm siêu tốc không hợp, dùng thử rồi thấy ổn hơn tưởng đóng gói nhìn khá gọn.",0,1,1,1,0,0,0,0,0,1,0,0,0,0,1,0
"Mình đặt thử Mua miếng dán giữ nhiệt về bị người nhà chê màu, mình hơi quê nhưng chất lượng không tệ",0,0,0,0,0,0,0,0,0,0,1,0,1,0,0,0
"Đặt áo khoác chống nắng lần này quá đáng tiền, giao đúng món và đóng gói sạch sẽ đóng gói nhìn khá gọn.",1,1,0,0,0,0,0,0,0,0,0,1,0,0,0,0
"Tui thấy tinh dầu phòng ngủ có điểm ổn nhưng vài chi tiết chưa như mong đợi, mình vừa vui vừa tiếc đóng gói nhìn khá gọn.",1,0,0,0,1,0,0,0,0,0,1,0,0,0,0,0
Lần đầu mua Mình lo dép bông đi nhà không phải hàng chuẩn vì tem nhãn in khá mờ,0,0,1,0,0,0,0,0,0,1,0,0,0,0,0,0
"Lần đầu mua Mình háo hức mở sách tô màu, kết quả ổn thôi chứ chưa quá xuất sắc lần sau chắc mình sẽ cân nhắc kỹ hơn.",1,0,0,0,0,0,0,1,0,0,1,0,0,0,0,1
"Mẹ mình bảo nước hoa mini có điểm ổn nhưng vài chi tiết chưa như mong đợi, mình vừa vui vừa tiếc mong shop giữ chất lượng như vậy.",1,0,0,0,1,0,0,0,0,0,1,0,0,0,0,0
